Sonde serial number                          	N4620333
Balloon release date and time                	2020-11-09T03:21:03
Sonde type                                   	RS41-SGP

   n AscRate HeightMSL      P Temp    RH  Dewp Dir Speed  VirT       Lat        Lon  MixR CompRng CompAz
         m/s         m    hPa   °C     %    °C   °   m/s     K         °          °  g/kg       m      °
   1     0.0        17 1023.0 20.7  73.0  15.7  70   1.6 295.8 25.014271 121.539413 11.01       0      0
   2    29.7        50 1019.1 20.3  75.3  15.8  69   1.7 295.4 25.014425 121.539210 11.13       6    178
   3     6.6        57 1018.3 20.1  75.7  15.7  68   1.9 295.2 25.014489 121.539094 11.04      11    208
   4     1.9        58 1018.1 19.9  75.5  15.5  68   2.0 295.0 25.014502 121.539021 10.92      15    220
   5     2.0        61 1017.9 19.9  75.6  15.4  68   2.2 295.0 25.014492 121.538967 10.89      20    229
   6     4.1        65 1017.4 19.8  75.6  15.4  67   2.3 294.9 25.014480 121.538922 10.85      24    236
   7     4.5        69 1016.7 19.8  75.4  15.3  67   2.5 294.9 25.014477 121.538877 10.81      28    242
   8     4.6        74 1016.1 19.8  75.3  15.3  67   2.7 294.8 25.014485 121.538831 10.79      32    248
   9     5.9        80 1015.4 19.7  75.4  15.2  67   2.9 294.8 25.014495 121.538794 10.77      35    252
  10     5.6        85 1014.8 19.7  75.6  15.2  67   3.0 294.7 25.014492 121.538782 10.78      36    252
  11     7.5        93 1014.1 19.6  75.8  15.2  67   3.2 294.7 25.014465 121.538793 10.79      36    247
  12     5.8        98 1013.3 19.5  76.0  15.2  67   3.4 294.6 25.014418 121.538808 10.77      38    239
  13     7.0       105 1012.5 19.5  76.2  15.2  67   3.6 294.5 25.014361 121.538800 10.74      42    232
  14     7.0       112 1011.8 19.4  76.3  15.1  67   3.8 294.4 25.014314 121.538760 10.71      48    230
  15     6.5       119 1010.9 19.3  76.5  15.1  68   4.0 294.3 25.014290 121.538701 10.68      54    232
  16     7.9       127 1010.1 19.2  76.8  15.0  68   4.2 294.2 25.014290 121.538647 10.65      59    235
  17     6.3       133 1009.3 19.1  77.0  15.0  68   4.4 294.1 25.014297 121.538616 10.64      61    237
  18     7.3       140 1008.5 19.1  77.1  15.0  68   4.7 294.1 25.014290 121.538605 10.63      62    237
  19     6.6       147 1007.7 18.9  77.2  14.8  68   4.9 293.9 25.014259 121.538599 10.56      65    235
  20     7.1       154 1006.9 18.7  77.6  14.7  69   5.1 293.7 25.014211 121.538575 10.49      70    233
  21     8.8       163 1006.1 18.6  77.9  14.7  69   5.3 293.6 25.014171 121.538531 10.47      76    232
  22     6.7       170 1005.4 18.5  78.2  14.7  69   5.5 293.5 25.014160 121.538474 10.46      81    234
  23     4.6       174 1004.7 18.5  78.6  14.7  70   5.7 293.5 25.014183 121.538411 10.48      85    238
  24     4.5       179 1004.1 18.4  79.2  14.7  70   6.0 293.4 25.014227 121.538349 10.52      88    243
  25     5.6       184 1003.5 18.3  79.6  14.7  70   6.2 293.4 25.014269 121.538290 10.53      92    247
  26     5.1       189 1002.9 18.3  79.5  14.7  70   6.4 293.3 25.014284 121.538233 10.48      96    249
  27     3.2       192 1002.3 18.2  79.5  14.6  71   6.6 293.2 25.014261 121.538169 10.44     103    249
  28     3.9       196 1001.7 18.2  79.9  14.7  71   6.8 293.2 25.014207 121.538092 10.48     113    248
  29     5.3       202 1001.1 18.2  80.4  14.7  71   7.0 293.2 25.014139 121.538005 10.54     124    246
  30     6.6       208 1000.5 18.1  80.5  14.7  72   7.2 293.1 25.014075 121.537913 10.52     135    245
  31     5.2       213  999.8 18.0  80.6  14.6  72   7.4 293.0 25.014020 121.537813 10.49     147    244
  32     6.9       220  999.1 18.0  80.7  14.6  72   7.7 293.0 25.013975 121.537710 10.49     158    244
  33     6.7       227  998.4 17.9  80.9  14.6  73   7.9 292.9 25.013939 121.537611 10.48     169    245
  34     7.4       234  997.7 17.8  81.1  14.5  73   8.1 292.8 25.013915 121.537522 10.43     178    245
  35     4.5       239  997.0 17.8  81.3  14.5  73   8.2 292.8 25.013905 121.537447 10.43     186    246
  36     6.3       245  996.4 17.7  81.6  14.5  73   8.4 292.7 25.013909 121.537380 10.45     192    247
  37     5.6       251  995.8 17.6  82.2  14.6  74   8.6 292.6 25.013921 121.537316 10.48     197    248
  38     4.6       255  995.2 17.6  82.6  14.6  74   8.8 292.6 25.013932 121.537249 10.50     203    249
  39     4.3       260  994.6 17.6  82.8  14.6  74   9.0 292.6 25.013931 121.537182 10.52     209    249
  40     5.4       265  994.0 17.5  83.1  14.6  74   9.1 292.5 25.013912 121.537117 10.54     216    250
  41     3.7       269  993.3 17.5  83.3  14.6  75   9.3 292.5 25.013875 121.537057 10.55     223    249
  42     4.8       274  992.7 17.5  83.7  14.7  75   9.4 292.5 25.013830 121.536998 10.59     231    248
  43     6.3       280  992.0 17.4  84.2  14.7  75   9.6 292.4 25.013788 121.536932 10.60     239    248
  44     7.1       287  991.3 17.3  84.5  14.6  75   9.7 292.3 25.013758 121.536852 10.57     247    248
  45     7.5       294  990.6 17.2  84.6  14.6  75   9.8 292.2 25.013737 121.536751 10.53     258    248
  46     6.6       301  989.8 17.1  84.7  14.5  75   9.9 292.1 25.013718 121.536629 10.50     270    249
  47     5.4       306  989.1 17.1  84.8  14.5  75  10.0 292.1 25.013692 121.536496 10.49     284    249
  48     6.1       313  988.3 17.0  85.1  14.5  75  10.1 292.0 25.013657 121.536362 10.50     298    250
  49     7.0       320  987.5 16.9  85.5  14.5  75  10.1 292.0 25.013616 121.536234 10.52     311    250
  50     7.6       327  986.6 16.9  85.8  14.5  75  10.2 291.9 25.013576 121.536111 10.51     325    250
  51     8.6       336  985.8 16.8  85.8  14.4  75  10.2 291.8 25.013544 121.535988 10.47     337    250
  52     7.9       344  984.9 16.7  85.7  14.3  75  10.3 291.7 25.013525 121.535862 10.42     350    250
  53     7.3       351  984.0 16.6  85.8  14.3  74  10.3 291.6 25.013518 121.535737 10.38     362    251
  54     7.2       358  983.2 16.6  85.8  14.2  74  10.4 291.5 25.013520 121.535621 10.34     373    251
  55     7.5       366  982.3 16.5  86.0  14.1  73  10.4 291.5 25.013522 121.535516 10.32     383    252
  56     8.6       374  981.4 16.4  86.1  14.1  73  10.4 291.4 25.013518 121.535420 10.30     393    252
  57     6.3       381  980.5 16.4  86.2  14.1  72  10.5 291.3 25.013506 121.535325 10.27     402    253
  58     7.7       388  979.6 16.3  86.1  14.0  71  10.5 291.3 25.013485 121.535225 10.26     412    253
  59     9.5       398  978.8 16.3  86.5  14.1  70  10.6 291.3 25.013456 121.535118 10.30     424    253
  60     7.2       405  977.9 16.2  88.0  14.2  70  10.6 291.2 25.013423 121.535008 10.41     435    253
  61     6.9       412  977.0 16.1  89.2  14.3  69  10.7 291.1 25.013391 121.534901 10.48     447    253
  62     7.4       419  976.1 16.0  89.9  14.3  68  10.8 291.0 25.013363 121.534804 10.51     457    253
  63     7.3       427  975.2 15.9  90.4  14.3  67  10.9 290.9 25.013342 121.534717 10.52     466    253
  64     7.7       434  974.3 15.8  90.8  14.3  66  11.0 290.8 25.013323 121.534636 10.53     475    253
  65     8.4       443  973.4 15.7  91.2  14.3  65  11.1 290.7 25.013302 121.534561 10.53     482    253
  66     8.3       451  972.4 15.7  91.2  14.2  64  11.3 290.7 25.013275 121.534488 10.48     490    253
  67     8.8       460  971.5 15.6  90.7  14.1  64  11.4 290.6 25.013240 121.534420 10.42     498    252
  68    10.7       470  970.6 15.6  90.4  14.0  63  11.6 290.6 25.013196 121.534357 10.37     506    252
  69     8.5       479  969.7 15.6  90.4  14.0  62  11.8 290.5 25.013146 121.534297 10.35     513    252
  70     5.6       485  968.8 15.5  90.9  14.0  62  12.0 290.4 25.013093 121.534237 10.35     521    251
  71     7.1       492  967.9 15.4  91.6  14.0  61  12.1 290.3 25.013034 121.534169 10.38     529    251
  72     7.0       499  967.1 15.3  92.2  14.0  61  12.3 290.2 25.012967 121.534090 10.38     539    250
  73     7.6       506  966.3 15.2  92.3  13.9  60  12.5 290.1 25.012887 121.533999 10.35     551    250
  74     6.5       513  965.5 15.1  92.6  13.9  60  12.7 290.1 25.012792 121.533898 10.36     564    249
  75     8.6       521  964.7 15.0  93.1  13.9  60  12.9 290.0 25.012687 121.533784 10.37     579    249
  76     5.7       527  964.0 14.9  93.3  13.9  60  13.1 289.9 25.012578 121.533655 10.33     596    248
  77     5.7       533  963.3 14.9  93.0  13.8  60  13.3 289.9 25.012474 121.533510 10.29     614    248
  78     6.3       539  962.6 14.9  93.0  13.8  60  13.5 289.9 25.012380 121.533352 10.29     632    247
  79     5.8       545  962.0 14.8  93.6  13.8  60  13.7 289.8 25.012296 121.533187 10.29     651    247
  80     6.3       551  961.3 14.7  93.0  13.6  60  13.9 289.7 25.012220 121.533023 10.18     670    247
  81     4.8       556  960.8 14.8  90.3  13.3  61  14.1 289.7 25.012150 121.532863  9.95     688    247
  82     3.5       560  960.2 15.0  87.8  13.0  61  14.2 289.9 25.012087 121.532709  9.78     705    247
  83     4.2       564  959.7 15.0  87.2  12.9  61  14.4 289.9 25.012032 121.532562  9.74     721    247
  84     4.5       568  959.2 15.0  87.8  13.0  61  14.5 289.9 25.011983 121.532425  9.80     736    247
  85     4.0       572  958.7 15.0  88.5  13.1  61  14.6 289.8 25.011937 121.532299  9.86     749    247
  86     4.9       577  958.2 14.9  88.9  13.1  62  14.7 289.8 25.011892 121.532183  9.88     762    247
  87     3.6       581  957.7 14.9  89.0  13.1  62  14.8 289.8 25.011845 121.532074  9.88     774    247
  88     5.2       586  957.1 14.9  89.0  13.1  62  14.9 289.7 25.011796 121.531970  9.86     786    247
  89     4.8       591  956.6 14.8  89.0  13.0  62  15.0 289.7 25.011746 121.531865  9.84     798    247
  90     4.5       595  956.1 14.8  88.9  13.0  62  15.1 289.7 25.011697 121.531757  9.82     810    247
  91     4.9       600  955.5 14.8  88.9  12.9  62  15.2 289.6 25.011649 121.531641  9.80     823    247
  92     5.4       606  955.0 14.7  89.1  12.9  63  15.2 289.6 25.011603 121.531516  9.80     837    247
  93     5.9       612  954.4 14.7  89.3  12.9  63  15.3 289.5 25.011558 121.531381  9.81     851    247
  94     4.7       616  953.9 14.6  89.5  12.9  63  15.3 289.5 25.011511 121.531235  9.80     867    247
  95     4.3       620  953.3 14.6  89.5  12.9  63  15.3 289.4 25.011459 121.531078  9.78     884    247
  96     4.3       625  952.8 14.6  89.4  12.8  62  15.4 289.4 25.011400 121.530913  9.76     901    247
  97     4.1       629  952.3 14.6  89.3  12.8  62  15.4 289.4 25.011332 121.530744  9.77     920    247
  98     5.6       634  951.7 14.5  89.5  12.8  62  15.4 289.4 25.011254 121.530577  9.77     939    247
  99     5.4       640  951.2 14.5  89.4  12.8  62  15.5 289.4 25.011169 121.530420  9.76     957    247
 100     5.2       645  950.6 14.5  89.2  12.7  62  15.5 289.3 25.011083 121.530276  9.72     974    246
 101     4.1       649  950.1 14.5  88.9  12.7  62  15.5 289.3 25.011000 121.530145  9.68     990    246
 102     4.5       654  949.5 14.5  89.1  12.7  62  15.5 289.3 25.010926 121.530025  9.69    1005    246
 103     4.6       658  949.0 14.4  89.6  12.7  62  15.5 289.3 25.010861 121.529910  9.73    1018    246
 104     4.9       663  948.4 14.4  90.0  12.7  62  15.6 289.2 25.010803 121.529792  9.74    1032    246
 105     5.6       669  947.8 14.3  90.1  12.7  61  15.6 289.2 25.010747 121.529667  9.74    1046    246
 106     5.7       675  947.3 14.3  89.9  12.7  61  15.6 289.1 25.010685 121.529535  9.71    1061    246
 107     5.0       680  946.7 14.3  89.6  12.6  61  15.6 289.1 25.010613 121.529399  9.68    1076    246
 108     4.6       684  946.1 14.3  89.4  12.6  61  15.6 289.1 25.010530 121.529262  9.67    1093    246
 109     5.7       690  945.5 14.3  89.6  12.6  61  15.6 289.1 25.010438 121.529125  9.68    1110    245
 110     5.5       695  944.9 14.3  89.9  12.6  61  15.6 289.1 25.010340 121.528992  9.70    1126    245
 111     6.0       701  944.3 14.2  90.0  12.6  61  15.5 289.1 25.010242 121.528860  9.69    1143    245
 112     5.0       706  943.8 14.2  89.9  12.5  61  15.5 289.0 25.010152 121.528729  9.66    1159    245
 113     5.3       712  943.2 14.1  89.8  12.5  61  15.5 289.0 25.010074 121.528597  9.63    1175    245
 114     4.8       717  942.6 14.1  89.9  12.4  61  15.5 288.9 25.010013 121.528466  9.61    1190    245
 115     3.8       720  942.1 14.1  90.0  12.5  61  15.5 288.9 25.009967 121.528335  9.62    1204    245
 116     4.8       725  941.5 14.0  90.4  12.5  61  15.5 288.9 25.009933 121.528207  9.65    1217    245
 117     4.9       730  940.9 14.0  90.7  12.5  61  15.5 288.8 25.009901 121.528082  9.67    1230    245
 118     6.2       736  940.4 13.9  90.6  12.4  61  15.5 288.8 25.009861 121.527959  9.64    1243    245
 119     6.1       742  939.8 13.9  90.2  12.3  61  15.5 288.8 25.009813 121.527830  9.58    1257    245
 120     5.3       748  939.2 13.9  89.7  12.3  61  15.5 288.7 25.009757 121.527695  9.53    1272    245
 121     4.3       752  938.7 13.9  89.5  12.2  61  15.5 288.7 25.009696 121.527553  9.51    1288    245
 122     5.1       757  938.1 13.9  89.6  12.2  61  15.5 288.7 25.009631 121.527409  9.50    1304    245
 123     3.8       761  937.6 13.9  89.8  12.2  61  15.6 288.7 25.009566 121.527271  9.51    1320    245
 124     4.5       765  937.0 13.8  90.2  12.2  61  15.6 288.6 25.009501 121.527141  9.54    1335    245
 125     5.7       771  936.5 13.8  90.7  12.3  61  15.6 288.6 25.009437 121.527015  9.57    1350    245
 126     4.8       776  936.0 13.7  91.1  12.3  61  15.6 288.5 25.009375 121.526889  9.59    1364    245
 127     4.7       781  935.5 13.7  91.2  12.3  60  15.6 288.5 25.009313 121.526763  9.58    1378    245
 128     4.7       785  934.9 13.7  91.1  12.2  60  15.7 288.5 25.009252 121.526637  9.56    1393    245
 129     3.8       789  934.4 13.6  91.0  12.2  60  15.7 288.5 25.009192 121.526511  9.54    1407    245
 130     5.5       795  933.9 13.6  90.9  12.2  60  15.7 288.4 25.009131 121.526383  9.53    1422    245
 131     4.4       799  933.4 13.6  91.0  12.2  60  15.8 288.4 25.009071 121.526254  9.53    1436    245
 132     4.3       803  932.9 13.6  91.2  12.2  60  15.8 288.4 25.009010 121.526124  9.54    1451    245
 133     5.2       809  932.3 13.5  91.5  12.2  60  15.8 288.3 25.008949 121.525992  9.55    1466    245
 134     5.4       814  931.8 13.5  91.8  12.2  59  15.9 288.3 25.008888 121.525857  9.55    1481    245
 135     4.1       818  931.3 13.4  92.0  12.2  59  15.9 288.2 25.008825 121.525720  9.55    1497    245
 136     4.5       823  930.7 13.4  92.0  12.1  59  15.9 288.2 25.008761 121.525581  9.52    1512    245
 137     5.3       828  930.2 13.3  91.8  12.0  59  16.0 288.2 25.008696 121.525438  9.48    1528    245
 138     5.0       833  929.6 13.3  91.6  12.0  59  16.0 288.1 25.008629 121.525293  9.45    1545    245
 139     5.8       839  929.1 13.3  91.6  11.9  59  16.0 288.1 25.008560 121.525143  9.43    1562    245
 140     4.8       843  928.5 13.2  91.8  11.9  58  16.0 288.0 25.008490 121.524990  9.44    1579    245
 141     3.7       847  928.0 13.2  92.3  12.0  58  16.0 288.0 25.008417 121.524832  9.47    1597    245
 142     5.2       852  927.4 13.1  93.0  12.0  58  16.0 287.9 25.008342 121.524670  9.51    1615    245
 143     5.8       858  926.9 13.1  93.7  12.1  58  16.0 287.9 25.008264 121.524503  9.56    1634    245
 144     5.6       864  926.3 13.0  94.3  12.1  58  16.0 287.8 25.008183 121.524331  9.59    1654    245
 145     4.7       868  925.8 13.0  94.5  12.1  58  16.0 287.8 25.008099 121.524155  9.58    1674    245
 146     5.1       874  925.2 12.9  94.5  12.1  58  16.0 287.7 25.008012 121.523982  9.56    1694    245
 147     4.6       878  924.7 12.9  94.5  12.0  58  16.0 287.7 25.007915 121.523819  9.54    1713    244
 148     4.6       883  924.2 12.8  94.7  12.0  58  15.9 287.7 25.007813 121.523665  9.54    1732    244
 149     4.8       888  923.6 12.8  94.9  12.0  58  15.9 287.6 25.007710 121.523521  9.54    1750    244
 150     4.7       892  923.1 12.7  95.0  12.0  58  15.8 287.6 25.007609 121.523392  9.53    1767    244
 151     5.2       897  922.6 12.7  95.0  11.9  58  15.8 287.5 25.007523 121.523275  9.51    1782    244
 152     4.4       902  922.1 12.7  95.0  11.9  58  15.7 287.5 25.007453 121.523163  9.48    1795    244
 153     4.4       906  921.5 12.6  95.0  11.9  58  15.7 287.4 25.007379 121.523057  9.47    1808    244
 154     4.8       911  921.0 12.6  95.3  11.9  59  15.6 287.4 25.007304 121.522951  9.48    1822    244
 155     5.9       917  920.4 12.6  95.4  11.8  59  15.6 287.4 25.007239 121.522840  9.47    1835    244
 156     4.4       921  919.9 12.5  95.3  11.8  59  15.5 287.3 25.007176 121.522724  9.45    1849    244
 157     5.8       927  919.3 12.5  95.3  11.8  59  15.5 287.3 25.007112 121.522606  9.43    1862    244
 158     5.8       933  918.7 12.4  95.5  11.7  59  15.4 287.2 25.007047 121.522485  9.43    1877    244
 159     5.2       938  918.2 12.4  95.7  11.7  60  15.4 287.2 25.006982 121.522362  9.43    1891    244
 160     4.3       942  917.6 12.3  96.1  11.7  60  15.3 287.1 25.006916 121.522237  9.44    1905    243
 161     5.6       948  917.0 12.3  96.5  11.8  60  15.3 287.1 25.006851 121.522111  9.46    1920    243
 162     5.7       954  916.4 12.3  96.7  11.8  60  15.3 287.1 25.006786 121.521984  9.46    1935    243
 163     5.5       959  915.9 12.2  96.8  11.7  61  15.2 287.0 25.006722 121.521856  9.46    1949    243
 164     5.1       964  915.3 12.2  96.8  11.7  61  15.2 287.0 25.006660 121.521728  9.46    1964    243
 165     5.3       969  914.7 12.2  96.7  11.7  61  15.2 287.0 25.006600 121.521599  9.44    1979    243
 166     4.8       974  914.1 12.2  96.8  11.7  61  15.1 287.0 25.006543 121.521471  9.44    1993    243
 167     5.1       979  913.6 12.1  96.9  11.7  62  15.1 286.9 25.006488 121.521343  9.43    2007    243
 168     5.8       985  913.0 12.1  96.9  11.6  62  15.1 286.9 25.006436 121.521216  9.41    2021    243
 169     5.3       990  912.4 12.1  96.8  11.6  62  15.1 286.8 25.006388 121.521091  9.39    2035    243
 170     5.9       996  911.9 12.1  96.4  11.5  62  15.1 286.8 25.006343 121.520964  9.35    2049    244
 171     5.0      1001  911.3 12.1  95.7  11.4  63  15.1 286.8 25.006304 121.520836  9.30    2062    244
 172     4.9      1006  910.7 12.1  94.8  11.3  63  15.0 286.9 25.006269 121.520707  9.26    2076    244
 173     4.2      1011  910.2 12.2  94.2  11.3  63  15.0 286.9 25.006232 121.520567  9.22    2090    244
 174     6.0      1016  909.6 12.2  93.9  11.2  63  15.0 286.9 25.006183 121.520399  9.21    2108    244
 175     4.5      1021  909.1 12.2  93.8  11.2  63  15.0 286.9 25.006121 121.520216  9.20    2127    244
 176     4.4      1025  908.5 12.1  93.9  11.2  64  15.0 286.9 25.006049 121.520038  9.19    2147    244
 177     5.2      1031  908.0 12.1  94.2  11.2  64  15.0 286.9 25.005974 121.519889  9.21    2164    244
 178     5.7      1036  907.4 12.1  94.7  11.2  64  15.0 286.8 25.005902 121.519769  9.23    2179    244
 179     6.1      1042  906.8 12.0  95.2  11.3  64  15.0 286.8 25.005838 121.519663  9.25    2191    244
 180     5.8      1048  906.3 12.0  95.4  11.3  64  15.0 286.7 25.005778 121.519557  9.26    2204    244
 181     4.7      1053  905.7 11.9  95.6  11.2  64  15.0 286.7 25.005717 121.519437  9.25    2218    244
 182     5.0      1058  905.2 11.9  95.8  11.2  64  15.0 286.7 25.005649 121.519296  9.26    2234    244
 183     4.9      1063  904.7 11.9  95.9  11.3  64  15.1 286.6 25.005574 121.519144  9.27    2251    244
 184     3.8      1066  904.2 11.9  96.0  11.2  64  15.1 286.6 25.005498 121.518998  9.27    2268    244
 185     4.5      1071  903.7 11.8  96.1  11.2  65  15.1 286.6 25.005426 121.518865  9.27    2284    244
 186     3.9      1075  903.2 11.8  96.3  11.2  65  15.1 286.6 25.005362 121.518743  9.27    2298    244
 187     4.0      1079  902.7 11.8  96.5  11.2  65  15.1 286.5 25.005310 121.518627  9.27    2311    244
 188     5.2      1084  902.2 11.7  96.6  11.2  65  15.0 286.5 25.005264 121.518508  9.27    2324    244
 189     4.7      1089  901.7 11.7  96.6  11.2  65  15.0 286.4 25.005217 121.518378  9.25    2338    244
 190     5.2      1094  901.2 11.7  96.5  11.1  65  15.0 286.4 25.005161 121.518237  9.23    2354    244
 191     5.5      1099  900.6 11.6  96.5  11.1  65  15.0 286.4 25.005096 121.518085  9.22    2371    244
 192     5.5      1105  900.1 11.6  96.6  11.1  66  15.0 286.3 25.005026 121.517925  9.21    2388    244
 193     4.6      1109  899.6 11.6  96.6  11.0  66  15.0 286.3 25.004961 121.517765  9.20    2406    244
 194     5.2      1115  899.1 11.5  96.7  11.0  66  15.0 286.3 25.004905 121.517611  9.19    2423    244
 195     4.3      1119  898.5 11.5  96.9  11.0  66  15.0 286.2 25.004853 121.517463  9.19    2439    244
 196     5.1      1124  898.0 11.4  97.1  11.0  66  15.0 286.2 25.004804 121.517320  9.19    2454    244
 197     4.3      1128  897.5 11.4  97.3  11.0  67  15.0 286.1 25.004753 121.517177  9.19    2470    244
 198     3.9      1132  896.9 11.4  97.5  11.0  67  14.9 286.1 25.004701 121.517034  9.20    2485    244
 199     6.1      1138  896.4 11.3  97.8  11.0  67  14.9 286.1 25.004648 121.516890  9.21    2501    244
 200     6.8      1145  895.8 11.3  98.0  11.0  67  14.9 286.0 25.004594 121.516745  9.22    2517    244
 201     5.1      1150  895.3 11.3  98.1  11.0  68  14.9 286.0 25.004540 121.516600  9.20    2532    244
 202     4.7      1155  894.7 11.2  98.0  10.9  68  14.9 286.0 25.004486 121.516454  9.18    2548    244
 203     5.1      1160  894.1 11.2  98.1  10.9  68  14.9 285.9 25.004432 121.516308  9.17    2564    244
 204     4.7      1165  893.6 11.1  98.4  10.9  68  14.8 285.9 25.004378 121.516162  9.19    2580    244
 205     5.9      1171  893.0 11.1  98.8  10.9  69  14.8 285.8 25.004326 121.516016  9.21    2596    244
 206     6.4      1177  892.5 11.1  99.1  10.9  69  14.8 285.8 25.004274 121.515870  9.21    2612    244
 207     4.8      1182  891.9 11.0  99.1  10.9  69  14.8 285.8 25.004224 121.515723  9.19    2627    244
 208     4.7      1186  891.4 11.0  98.8  10.8  69  14.8 285.7 25.004175 121.515577  9.16    2643    244
 209     4.8      1191  890.8 11.0  98.5  10.8  70  14.8 285.7 25.004128 121.515431  9.13    2658    244
 210     4.0      1195  890.3 11.0  98.3  10.7  70  14.7 285.7 25.004083 121.515285  9.11    2674    244
 211     4.9      1200  889.7 11.0  98.3  10.7  70  14.7 285.7 25.004040 121.515140  9.11    2689    244
 212     6.0      1206  889.2 10.9  98.7  10.7  70  14.7 285.7 25.004000 121.514995  9.14    2704    244
 213     5.2      1211  888.6 10.9  99.3  10.8  71  14.7 285.6 25.003963 121.514851  9.17    2719    244
 214     6.2      1218  888.0 10.8  99.8  10.8  71  14.7 285.6 25.003929 121.514707  9.19    2734    244
 215     5.9      1223  887.4 10.8 100.0  10.8  71  14.7 285.5 25.003899 121.514565  9.17    2748    244
 216     4.8      1228  886.9 10.7 100.0  10.7  71  14.7 285.4 25.003872 121.514423  9.15    2762    245
 217     6.1      1234  886.3 10.7 100.0  10.7  71  14.7 285.4 25.003849 121.514282  9.13    2776    245
 218     5.8      1240  885.7 10.7 100.0  10.7  71  14.7 285.4 25.003830 121.514142  9.14    2790    245
 219     4.8      1245  885.1 10.7  99.7  10.6  71  14.6 285.4 25.003815 121.514003  9.12    2803    245
 220     5.1      1250  884.6 10.7  99.3  10.6  72  14.6 285.4 25.003802 121.513865  9.10    2817    245
 221     5.6      1256  884.0 10.7  99.3  10.6  72  14.6 285.4 25.003788 121.513728  9.10    2830    245
 222     5.0      1261  883.5 10.7  99.4  10.6  72  14.6 285.4 25.003770 121.513590  9.10    2843    245
 223     4.5      1265  882.9 10.6  99.4  10.6  72  14.6 285.4 25.003744 121.513452  9.09    2857    245
 224     6.0      1271  882.4 10.6  99.3  10.5  72  14.6 285.3 25.003709 121.513315  9.08    2871    245
 225     4.6      1276  881.8 10.6  99.3  10.5  72  14.6 285.3 25.003664 121.513181  9.06    2886    245
 226     5.1      1281  881.3 10.6  99.4  10.5  72  14.6 285.3 25.003613 121.513056  9.07    2900    245
 227     5.1      1286  880.7 10.5  99.8  10.5  72  14.6 285.3 25.003557 121.512937  9.09    2913    245
 228     6.8      1293  880.1 10.5 100.0  10.5  72  14.6 285.2 25.003497 121.512820  9.10    2927    245
 229     4.7      1297  879.5 10.5 100.0  10.5  72  14.6 285.2 25.003450 121.512694  9.08    2940    245
 230     5.2      1303  878.9 10.4 100.0  10.4  72  14.6 285.2 25.003420 121.512556  9.07    2954    245
 231     8.0      1311  878.2 10.4 100.0  10.4  72  14.5 285.1 25.003401 121.512411  9.05    2969    245
 232     7.5      1318  877.6 10.4 100.0  10.4  72  14.5 285.1 25.003383 121.512270  9.03    2982    245
 233     4.2      1322  877.0 10.3 100.0  10.3  71  14.5 285.0 25.003360 121.512144  9.03    2995    245
 234     5.7      1328  876.4 10.3  99.9  10.3  71  14.5 285.0 25.003332 121.512030  9.01    3007    245
 235     6.2      1334  875.8 10.3  99.9  10.3  71  14.5 285.0 25.003297 121.511911  9.00    3019    246
 236     4.8      1339  875.3 10.3 100.0  10.3  71  14.4 285.0 25.003255 121.511757  9.00    3035    246
 237     4.3      1343  874.7 10.2 100.0  10.2  71  14.4 284.9 25.003208 121.511576  8.99    3054    246
 238     6.1      1349  874.2 10.2 100.0  10.2  71  14.4 284.9 25.003158 121.511392  8.97    3073    246
 239     4.9      1354  873.7 10.2 100.0  10.2  71  14.3 284.9 25.003107 121.511226  8.96    3091    246
 240     4.2      1358  873.3 10.1 100.0  10.1  71  14.3 284.8 25.003050 121.511075  8.95    3108    246
 241     3.6      1362  872.8 10.1  99.9  10.1  71  14.2 284.8 25.002991 121.510928  8.92    3124    246
 242     3.8      1366  872.4 10.1 100.0  10.1  71  14.2 284.8 25.002932 121.510796  8.92    3139    246
 243     3.5      1369  872.0 10.1 100.0  10.1  71  14.1 284.7 25.002874 121.510674  8.91    3152    246
 244     4.3      1374  871.6 10.0 100.0  10.0  71  14.0 284.7 25.002817 121.510551  8.90    3166    246
 245     3.7      1377  871.2 10.0 100.0  10.0  71  13.9 284.7 25.002760 121.510417  8.89    3181    246
 246     4.3      1382  870.7 10.0 100.0  10.0  71  13.9 284.7 25.002708 121.510273  8.88    3197    246
 247     3.6      1385  870.3 10.0 100.0  10.0  72  13.8 284.7 25.002662 121.510126  8.88    3213    246
 248     4.5      1390  869.9 10.0 100.0  10.0  72  13.7 284.7 25.002622 121.509982  8.88    3228    246
 249     4.0      1394  869.5 10.0 100.0  10.0  72  13.7 284.7 25.002589 121.509840  8.89    3242    246
 250     3.9      1398  869.0 10.0 100.0  10.0  72  13.6 284.6 25.002560 121.509702  8.88    3256    246
 251     4.3      1402  868.6  9.9 100.0   9.9  72  13.5 284.6 25.002535 121.509566  8.87    3270    246
 252     4.5      1406  868.1  9.9 100.0   9.9  72  13.5 284.6 25.002514 121.509433  8.86    3283    246
 253     4.4      1411  867.7  9.9 100.0   9.9  72  13.4 284.6 25.002495 121.509304  8.85    3296    246
 254     4.9      1416  867.2  9.8 100.0   9.8  73  13.3 284.5 25.002472 121.509182  8.83    3308    246
 255     4.3      1420  866.7  9.8 100.0   9.8  73  13.3 284.5 25.002438 121.509065  8.82    3320    246
 256     4.3      1424  866.2  9.8 100.0   9.8  73  13.2 284.5 25.002404 121.508953  8.81    3332    246
 257     4.7      1429  865.7  9.8 100.0   9.8  73  13.1 284.4 25.002376 121.508852  8.80    3343    246
 258     5.5      1434  865.2  9.7 100.0   9.7  74  13.1 284.4 25.002350 121.508752  8.78    3353    246
 259     5.6      1440  864.6  9.7 100.0   9.7  74  13.0 284.4 25.002325 121.508643  8.77    3365    246
 260     5.8      1446  864.1  9.7 100.0   9.7  74  13.0 284.3 25.002306 121.508530  8.76    3376    246
 261     5.1      1451  863.5  9.7 100.0   9.7  75  12.9 284.3 25.002293 121.508425  8.76    3386    246
 262     4.9      1456  862.9  9.6 100.0   9.6  75  12.9 284.3 25.002285 121.508319  8.75    3396    246
 263     5.6      1461  862.4  9.6 100.0   9.6  75  12.9 284.3 25.002283 121.508209  8.74    3407    246
 264     7.0      1468  861.8  9.6 100.0   9.6  75  12.8 284.3 25.002283 121.508095  8.74    3417    246
 265     4.6      1473  861.3  9.6 100.0   9.6  76  12.8 284.2 25.002287 121.507978  8.73    3428    247
 266     4.1      1477  860.7  9.6 100.0   9.6  76  12.8 284.2 25.002292 121.507858  8.72    3439    247
 267     5.0      1482  860.2  9.5 100.0   9.5  76  12.8 284.2 25.002298 121.507735  8.71    3450    247
 268     6.0      1488  859.6  9.5 100.0   9.5  76  12.8 284.2 25.002304 121.507612  8.71    3461    247
 269     5.7      1494  859.1  9.5 100.0   9.5  77  12.8 284.1 25.002308 121.507487  8.70    3472    247
 270     6.4      1500  858.5  9.5 100.0   9.5  77  12.7 284.1 25.002310 121.507361  8.69    3484    247
 271     4.8      1505  857.9  9.5 100.0   9.5  77  12.7 284.1 25.002310 121.507236  8.69    3496    247
 272     4.1      1509  857.4  9.5 100.0   9.5  77  12.7 284.1 25.002305 121.507112  8.70    3507    247
 273     5.8      1515  856.8  9.4 100.0   9.4  78  12.7 284.1 25.002294 121.506989  8.70    3519    247
 274     6.5      1522  856.2  9.4 100.0   9.4  78  12.7 284.1 25.002278 121.506867  8.69    3531    247
 275     6.2      1528  855.7  9.4 100.0   9.4  78  12.7 284.1 25.002255 121.506749  8.68    3543    247
 276     5.6      1533  855.1  9.4 100.0   9.4  78  12.7 284.0 25.002224 121.506633  8.68    3555    247
 277     4.7      1538  854.6  9.4 100.0   9.4  79  12.7 284.0 25.002185 121.506520  8.68    3568    247
 278     4.1      1542  854.1  9.4 100.0   9.4  79  12.8 284.0 25.002141 121.506408  8.67    3580    247
 279     4.7      1547  853.6  9.3 100.0   9.3  79  12.8 284.0 25.002095 121.506292  8.67    3593    247
 280     4.3      1551  853.1  9.3 100.0   9.3  79  12.8 284.0 25.002052 121.506171  8.66    3606    247
 281     4.8      1556  852.5  9.3 100.0   9.3  80  12.8 284.0 25.002011 121.506046  8.65    3619    247
 282     4.7      1561  852.0  9.3 100.0   9.3  80  12.8 283.9 25.001974 121.505924  8.64    3632    247
 283     5.5      1566  851.4  9.3 100.0   9.3  80  12.8 283.9 25.001943 121.505803  8.63    3645    247
 284     6.7      1573  850.8  9.2 100.0   9.2  80  12.8 283.9 25.001917 121.505682  8.62    3657    247
 285     7.9      1581  850.2  9.2 100.0   9.2  81  12.8 283.8 25.001901 121.505562  8.61    3669    247
 286     7.1      1588  849.5  9.2 100.0   9.2  81  12.8 283.8 25.001896 121.505446  8.60    3680    248
 287     5.7      1594  848.9  9.2 100.0   9.2  81  12.8 283.8 25.001902 121.505331  8.59    3691    248
 288     6.2      1600  848.3  9.1 100.0   9.1  82  12.8 283.8 25.001913 121.505215  8.59    3701    248
 289     6.2      1606  847.8  9.1 100.0   9.1  82  12.8 283.7 25.001924 121.505092  8.58    3712    248
 290     5.2      1611  847.2  9.1 100.0   9.1  82  12.8 283.7 25.001929 121.504958  8.57    3724    248
 291     3.5      1615  846.7  9.1 100.0   9.1  83  12.8 283.7 25.001925 121.504811  8.57    3738    248
 292     3.8      1619  846.3  9.1 100.0   9.1  83  12.8 283.7 25.001909 121.504658  8.56    3753    248
 293     3.6      1622  845.8  9.0 100.0   9.0  83  12.8 283.7 25.001888 121.504513  8.56    3768    248
 294     4.2      1626  845.3  9.0 100.0   9.0  84  12.8 283.6 25.001870 121.504379  8.55    3781    248
 295     5.9      1632  844.9  9.0 100.0   9.0  84  12.8 283.6 25.001850 121.504254  8.55    3794    248
 296     4.3      1637  844.4  9.0 100.0   9.0  85  12.7 283.6 25.001833 121.504132  8.54    3806    248
 297     5.5      1642  843.9  9.0 100.0   9.0  85  12.7 283.6 25.001820 121.504010  8.54    3818    248
 298     5.3      1648  843.4  9.0 100.0   9.0  86  12.7 283.6 25.001811 121.503891  8.53    3829    248
 299     3.9      1651  843.0  8.9 100.0   8.9  86  12.7 283.6 25.001798 121.503774  8.53    3841    248
 300     4.1      1655  842.5  8.9 100.0   8.9  87  12.7 283.5 25.001782 121.503655  8.52    3853    248
 301     4.1      1659  842.0  8.9 100.0   8.9  87  12.7 283.5 25.001766 121.503536  8.52    3864    248
 302     4.7      1664  841.5  8.9 100.0   8.9  88  12.7 283.5 25.001751 121.503414  8.51    3876    248
 303     5.4      1670  841.0  8.9 100.0   8.9  89  12.7 283.5 25.001740 121.503289  8.50    3889    249
 304     5.2      1675  840.5  8.8 100.0   8.8  89  12.7 283.4 25.001736 121.503161  8.49    3901    249
 305     5.3      1680  840.0  8.8 100.0   8.8  90  12.7 283.4 25.001736 121.503028  8.48    3913    249
 306     6.8      1687  839.5  8.8 100.0   8.8  90  12.6 283.4 25.001741 121.502893  8.47    3926    249
 307     5.2      1692  839.0  8.8 100.0   8.8  91  12.6 283.4 25.001749 121.502755  8.46    3938    249
 308     3.4      1696  838.6  8.8 100.0   8.8  91  12.6 283.4 25.001759 121.502616  8.46    3951    249
 309     4.2      1700  838.1  8.7 100.0   8.7  92  12.6 283.3 25.001769 121.502476  8.46    3964    249
 310     3.6      1703  837.7  8.7 100.0   8.7  92  12.6 283.3 25.001779 121.502336  8.45    3977    249
 311     3.4      1707  837.2  8.7 100.0   8.7  93  12.6 283.3 25.001787 121.502197  8.44    3990    249
 312     4.0      1711  836.8  8.7 100.0   8.7  93  12.6 283.3 25.001793 121.502060  8.43    4002    249
 313     5.0      1716  836.3  8.6 100.0   8.6  94  12.6 283.2 25.001795 121.501926  8.42    4015    249
 314     6.3      1722  835.8  8.6 100.0   8.6  95  12.6 283.2 25.001793 121.501798  8.41    4027    249
 315     5.7      1728  835.3  8.6 100.0   8.6  95  12.5 283.2 25.001795 121.501674  8.41    4039    249
 316     4.8      1732  834.9  8.6 100.0   8.6  96  12.5 283.2 25.001806 121.501549  8.41    4050    250
 317     4.2      1737  834.4  8.6 100.0   8.6  96  12.5 283.2 25.001831 121.501439  8.41    4060    250
 318     3.9      1741  834.0  8.6 100.0   8.6  97  12.5 283.2 25.001868 121.501342  8.41    4067    250
 319     4.2      1745  833.5  8.6 100.0   8.6  98  12.4 283.2 25.001907 121.501236  8.42    4076    250
 320     3.3      1748  833.1  8.6 100.0   8.6  98  12.4 283.2 25.001946 121.501121  8.42    4085    250
 321     4.7      1753  832.7  8.6 100.0   8.6  99  12.4 283.2 25.001982 121.500996  8.42    4096    250
 322     4.5      1757  832.2  8.6 100.0   8.6  99  12.3 283.2 25.002016 121.500862  8.41    4107    250
 323     5.1      1762  831.8  8.5 100.0   8.5 100  12.3 283.1 25.002043 121.500730  8.40    4119    250
 324     3.1      1765  831.3  8.5 100.0   8.5 100  12.2 283.1 25.002061 121.500602  8.39    4130    250
 325     5.0      1770  830.9  8.5 100.0   8.5 101  12.2 283.1 25.002072 121.500474  8.39    4142    250
 326     6.0      1776  830.4  8.5 100.0   8.5 101  12.1 283.1 25.002081 121.500339  8.39    4154    251
 327     3.9      1780  829.9  8.5 100.0   8.5 102  12.0 283.1 25.002090 121.500193  8.39    4168    251
 328     4.4      1785  829.4  8.5 100.0   8.5 102  12.0 283.1 25.002102 121.500044  8.38    4182    251
 329     5.3      1790  829.0  8.5 100.0   8.5 102  11.9 283.0 25.002117 121.499901  8.38    4195    251
 330     5.7      1796  828.5  8.4 100.0   8.4 103  11.9 283.0 25.002136 121.499779  8.38    4206    251
 331     4.7      1800  828.0  8.4 100.0   8.4 103  11.8 283.0 25.002156 121.499680  8.38    4215    251
 332     3.4      1804  827.5  8.4 100.0   8.4 104  11.7 283.0 25.002167 121.499587  8.38    4223    251
 333     3.9      1808  827.0  8.4 100.0   8.4 104  11.7 283.0 25.002172 121.499493  8.38    4232    251
 334     6.1      1814  826.5  8.4 100.0   8.4 105  11.6 283.0 25.002179 121.499398  8.37    4241    251
 335     5.6      1820  826.0  8.4 100.0   8.4 105  11.5 282.9 25.002195 121.499305  8.35    4249    251
 336     5.5      1825  825.5  8.3 100.0   8.3 106  11.5 282.9 25.002219 121.499211  8.35    4257    251
 337     5.1      1830  825.1  8.3 100.0   8.3 106  11.4 282.9 25.002251 121.499115  8.34    4265    251
 338     4.8      1835  824.6  8.3 100.0   8.3 107  11.3 282.9 25.002288 121.499017  8.34    4273    251
 339     4.2      1839  824.1  8.3 100.0   8.3 108  11.3 282.9 25.002330 121.498922  8.33    4281    252
 340     4.1      1843  823.7  8.3 100.0   8.3 108  11.2 282.9 25.002379 121.498828  8.33    4288    252
 341     3.9      1847  823.2  8.3 100.0   8.3 109  11.2 282.8 25.002432 121.498732  8.33    4295    252
 342     5.1      1852  822.7  8.3 100.0   8.3 110  11.2 282.8 25.002487 121.498632  8.32    4303    252
 343     4.8      1857  822.3  8.2 100.0   8.2 110  11.1 282.8 25.002535 121.498528  8.32    4311    252
 344     3.9      1861  821.8  8.2 100.0   8.2 111  11.1 282.8 25.002570 121.498422  8.32    4320    252
 345     5.5      1866  821.3  8.2 100.0   8.2 112  11.1 282.8 25.002595 121.498323  8.31    4329    252
 346     5.2      1872  820.8  8.2 100.0   8.2 113  11.1 282.8 25.002614 121.498228  8.31    4338    252
 347     5.1      1877  820.3  8.2 100.0   8.2 113  11.1 282.8 25.002629 121.498133  8.31    4346    252
 348     4.5      1881  819.8  8.2 100.0   8.2 114  11.1 282.8 25.002643 121.498035  8.31    4355    252
 349     5.0      1886  819.3  8.2 100.0   8.2 115  11.1 282.7 25.002661 121.497931  8.31    4365    252
 350     7.6      1894  818.7  8.1 100.0   8.1 116  11.1 282.7 25.002689 121.497822  8.30    4374    252
 351     5.2      1899  818.2  8.1 100.0   8.1 116  11.2 282.7 25.002724 121.497706  8.30    4384    253
 352     5.6      1905  817.7  8.1 100.0   8.1 117  11.2 282.7 25.002767 121.497586  8.29    4394    253
 353     5.1      1910  817.1  8.1 100.0   8.1 117  11.2 282.7 25.002816 121.497462  8.29    4405    253
 354     3.9      1914  816.6  8.1 100.0   8.1 118  11.2 282.6 25.002871 121.497335  8.28    4415    253
 355     4.4      1918  816.1  8.0 100.0   8.0 119  11.3 282.6 25.002930 121.497206  8.27    4426    253
 356     6.5      1925  815.5  8.0 100.0   8.0 119  11.3 282.6 25.002994 121.497076  8.27    4436    253
 357     6.8      1931  815.0  8.0 100.0   8.0 120  11.3 282.6 25.003061 121.496945  8.28    4447    253
 358     5.9      1937  814.4  8.1 100.0   8.1 120  11.3 282.7 25.003131 121.496816  8.31    4457    253
 359     6.2      1943  813.9  8.1 100.0   8.1 121  11.3 282.7 25.003203 121.496687  8.33    4467    254
 360     5.2      1949  813.4  8.1 100.0   8.1 121  11.3 282.7 25.003277 121.496562  8.33    4477    254
 361     4.0      1953  812.8  8.1 100.0   8.1 121  11.3 282.7 25.003351 121.496440  8.32    4487    254
 362     4.9      1957  812.3  8.0 100.0   8.0 122  11.3 282.6 25.003424 121.496322  8.31    4496    254
 363     5.7      1963  811.8  8.0 100.0   8.0 122  11.3 282.6 25.003498 121.496210  8.30    4504    254
 364     5.6      1969  811.3  8.0 100.0   8.0 122  11.3 282.6 25.003569 121.496104  8.29    4513    254
 365     4.5      1973  810.9  8.0 100.0   8.0 122  11.2 282.5 25.003639 121.496005  8.28    4520    254
 366     5.1      1978  810.4  8.0 100.0   8.0 123  11.2 282.5 25.003706 121.495913  8.28    4527    255
 367     4.5      1983  809.9  7.9 100.0   7.9 123  11.1 282.5 25.003776 121.495826  8.27    4533    255
 368     4.4      1987  809.5  7.9 100.0   7.9 123  11.1 282.5 25.003851 121.495739  8.27    4540    255
 369     4.3      1991  809.1  7.9 100.0   7.9 123  11.0 282.5 25.003928 121.495651  8.27    4546    255
 370     3.2      1995  808.6  7.9 100.0   7.9 123  11.0 282.5 25.004007 121.495563  8.27    4552    255
 371     3.8      1999  808.1  7.9 100.0   7.9 123  10.9 282.5 25.004087 121.495473  8.26    4559    255
 372     4.7      2003  807.6  7.9 100.0   7.9 123  10.8 282.4 25.004167 121.495383  8.25    4565    255
 373     6.8      2010  807.1  7.8 100.0   7.8 123  10.7 282.4 25.004246 121.495293  8.24    4572    255
 374     7.1      2017  806.6  7.8 100.0   7.8 124  10.6 282.4 25.004325 121.495202  8.22    4579    256
 375     5.6      2023  806.1  7.8 100.0   7.8 124  10.5 282.3 25.004402 121.495111  8.21    4586    256
 376     5.1      2028  805.5  7.7 100.0   7.7 124  10.4 282.3 25.004477 121.495020  8.21    4592    256
 377     5.9      2034  805.0  7.7 100.0   7.7 124  10.3 282.3 25.004550 121.494928  8.20    4599    256
 378     4.7      2038  804.6  7.7 100.0   7.7 124  10.2 282.3 25.004620 121.494836  8.19    4607    256
 379     3.7      2042  804.1  7.7 100.0   7.7 124  10.1 282.2 25.004686 121.494745  8.19    4614    256
 380     4.5      2047  803.6  7.7 100.0   7.7 124  10.0 282.2 25.004749 121.494653  8.19    4621    256
 381     4.6      2051  803.2  7.7 100.0   7.7 124   9.9 282.2 25.004807 121.494562  8.19    4629    256
 382     5.0      2056  802.7  7.7 100.0   7.7 124   9.9 282.2 25.004860 121.494470  8.18    4636    257
 383     4.7      2061  802.3  7.6 100.0   7.6 124   9.8 282.2 25.004908 121.494380  8.18    4644    257
 384     3.9      2065  801.9  7.6 100.0   7.6 124   9.7 282.2 25.004949 121.494289  8.18    4652    257
 385     4.6      2070  801.5  7.6 100.0   7.6 125   9.6 282.2 25.004984 121.494199  8.17    4660    257
 386     4.5      2074  801.1  7.6 100.0   7.6 125   9.5 282.2 25.005013 121.494110  8.18    4668    257
 387     3.9      2078  800.7  7.6 100.0   7.6 125   9.5 282.2 25.005033 121.494021  8.18    4676    257
 388     2.9      2081  800.3  7.6 100.0   7.6 125   9.4 282.2 25.005049 121.493932  8.18    4684    257
 389     4.1      2085  799.9  7.6 100.0   7.6 126   9.3 282.2 25.005063 121.493849  8.18    4692    257
 390     3.4      2088  799.5  7.6 100.0   7.6 126   9.2 282.1 25.005076 121.493776  8.18    4699    257
 391     4.4      2093  799.1  7.6 100.0   7.6 127   9.1 282.1 25.005097 121.493717  8.17    4704    257
 392     3.5      2096  798.7  7.6 100.0   7.6 128   9.0 282.1 25.005142 121.493660  8.17    4709    257
 393     4.4      2101  798.3  7.5 100.0   7.5 128   8.9 282.1 25.005200 121.493604  8.16    4713    257
 394     6.1      2107  797.9  7.5 100.0   7.5 129   8.8 282.1 25.005259 121.493543  8.15    4717    257
 395     3.5      2110  797.4  7.5 100.0   7.5 130   8.7 282.0 25.005323 121.493469  8.14    4723    257
 396     3.7      2114  797.0  7.5 100.0   7.5 131   8.6 282.0 25.005382 121.493388  8.14    4730    258
 397     5.9      2120  796.5  7.4 100.0   7.4 132   8.6 282.0 25.005434 121.493305  8.13    4737    258
 398     5.7      2125  796.1  7.4 100.0   7.4 133   8.5 282.0 25.005483 121.493222  8.12    4744    258
 399     4.2      2130  795.6  7.4 100.0   7.4 134   8.4 281.9 25.005531 121.493139  8.10    4751    258
 400     4.6      2134  795.2  7.4 100.0   7.4 135   8.3 281.9 25.005582 121.493060  8.09    4757    258
 401     4.8      2139  794.7  7.4 100.0   7.4 136   8.2 281.9 25.005634 121.492989  8.09    4763    258
 402     4.5      2144  794.3  7.3 100.0   7.3 137   8.1 281.9 25.005685 121.492929  8.09    4768    258
 403     4.7      2148  793.8  7.3 100.0   7.3 138   8.1 281.9 25.005738 121.492877  8.08    4772    258
 404     4.6      2153  793.4  7.3 100.0   7.3 140   8.0 281.8 25.005793 121.492832  8.08    4775    258
 405     5.4      2158  792.9  7.3 100.0   7.3 141   7.8 281.8 25.005853 121.492792  8.08    4778    258
 406     4.0      2162  792.5  7.3 100.0   7.3 142   7.7 281.9 25.005919 121.492755  8.09    4780    258
 407     5.1      2167  792.1  7.3 100.0   7.3 143   7.6 281.9 25.005992 121.492716  8.10    4782    259
 408     3.9      2171  791.7  7.3 100.0   7.3 145   7.4 281.8 25.006066 121.492671  8.09    4785    259
 409     3.6      2175  791.2  7.3 100.0   7.3 146   7.2 281.8 25.006135 121.492633  8.08    4787    259
 410     3.9      2179  790.8  7.3 100.0   7.3 147   7.1 281.8 25.006203 121.492602  8.08    4789    259
 411     4.5      2183  790.4  7.3 100.0   7.3 149   6.9 281.8 25.006271 121.492566  8.08    4791    259
 412     3.7      2187  790.0  7.2 100.0   7.2 150   6.7 281.8 25.006340 121.492542  8.07    4792    259
 413     4.5      2192  789.6  7.2 100.0   7.2 151   6.4 281.7 25.006414 121.492530  8.06    4792    259
 414     4.9      2196  789.2  7.2 100.0   7.2 153   6.2 281.7 25.006490 121.492520  8.05    4791    259
 415     4.0      2201  788.8  7.2 100.0   7.2 154   6.0 281.7 25.006560 121.492492  8.04    4792    259
 416     4.9      2205  788.3  7.1 100.0   7.1 155   5.7 281.7 25.006624 121.492449  8.03    4795    259
 417     3.9      2209  787.9  7.1 100.0   7.1 157   5.4 281.7 25.006686 121.492411  8.04    4798    259
 418     4.7      2214  787.4  7.2 100.0   7.2 158   5.2 281.7 25.006748 121.492390  8.06    4799    260
 419     6.1      2220  786.9  7.3 100.0   7.3 160   4.9 281.8 25.006808 121.492384  8.13    4798    260
 420     5.8      2226  786.4  7.4 100.0   7.4 162   4.7 282.0 25.006867 121.492390  8.22    4796    260
 421     5.1      2231  785.9  7.6  99.9   7.6 164   4.4 282.2 25.006923 121.492406  8.33    4794    260
 422     5.7      2237  785.4  7.9  98.9   7.7 166   4.1 282.5 25.006975 121.492429  8.40    4790    260
 423     5.5      2242  784.9  8.1  97.7   7.8 168   3.9 282.7 25.007024 121.492457  8.45    4786    260
 424     5.0      2247  784.3  8.3  96.5   7.8 170   3.7 282.9 25.007069 121.492487  8.46    4783    260
 425     4.0      2251  783.8  8.5  95.5   7.8 173   3.4 283.1 25.007108 121.492516  8.49    4779    260
 426     6.9      2258  783.3  8.9  94.4   8.0 177   3.2 283.5 25.007142 121.492542  8.62    4776    260
 427     6.7      2265  782.8  9.2  93.1   8.2 181   3.0 283.9 25.007169 121.492562  8.73    4773    260
 428     5.3      2270  782.3  9.4  92.1   8.2 185   2.8 284.1 25.007189 121.492574  8.74    4772    260
 429     5.0      2275  781.8  9.5  91.6   8.2 190   2.7 284.2 25.007201 121.492575  8.77    4771    260
 430     4.6      2280  781.4  9.8  91.0   8.4 196   2.6 284.4 25.007205 121.492562  8.87    4773    260
 431     4.5      2284  781.0 10.1  90.1   8.5 202   2.5 284.8 25.007200 121.492540  8.97    4775    260
 432     4.0      2288  780.5 10.4  88.7   8.6 208   2.5 285.1 25.007186 121.492529  9.03    4776    260
 433     3.4      2292  780.1 10.8  87.3   8.8 214   2.5 285.5 25.007170 121.492529  9.13    4777    260
 434     4.7      2296  779.7 11.1  86.2   8.9 220   2.5 285.9 25.007168 121.492521  9.22    4777    260
 435     4.1      2300  779.3 11.4  85.4   9.0 225   2.6 286.1 25.007172 121.492506  9.27    4779    260
 436     4.3      2305  778.9 11.5  84.8   9.1 230   2.7 286.3 25.007176 121.492500  9.31    4779    260
 437     5.0      2310  778.4 11.7  84.5   9.2 233   2.9 286.5 25.007179 121.492509  9.38    4778    260
 438     4.7      2314  777.9 11.8  84.4   9.2 237   3.0 286.6 25.007182 121.492531  9.42    4776    260
 439     6.3      2321  777.4 11.8  84.5   9.2 239   3.2 286.5 25.007186 121.492565  9.44    4773    260
 440     5.7      2326  776.9 11.7  84.9   9.3 241   3.3 286.5 25.007192 121.492608  9.47    4768    260
 441     4.6      2331  776.4 11.7  85.3   9.4 243   3.5 286.6 25.007201 121.492660  9.52    4763    260
 442     6.7      2338  775.9 11.8  85.4   9.4 244   3.7 286.6 25.007211 121.492718  9.58    4757    260
 443     6.5      2344  775.4 11.8  85.4   9.5 245   3.8 286.6 25.007224 121.492782  9.60    4750    260
 444     4.4      2349  774.9 11.9  85.1   9.5 245   4.0 286.7 25.007240 121.492850  9.60    4743    260
 445     4.5      2353  774.4 11.9  84.8   9.5 246   4.1 286.8 25.007258 121.492920  9.61    4736    260
 446     7.2      2360  774.0 12.0  84.5   9.5 246   4.3 286.8 25.007280 121.492991  9.62    4729    260
 447     5.0      2365  773.5 12.0  84.2   9.5 247   4.4 286.8 25.007305 121.493062  9.62    4721    260
 448     4.0      2369  773.1 12.1  84.1   9.5 247   4.5 286.9 25.007333 121.493130  9.63    4714    260
 449     5.1      2374  772.6 12.1  84.0   9.5 247   4.7 286.9 25.007365 121.493196  9.65    4707    260
 450     3.7      2378  772.3 12.2  83.9   9.5 247   4.8 287.0 25.007401 121.493257  9.68    4700    260
 451     3.7      2382  771.9 12.2  84.0   9.6 247   4.9 287.0 25.007440 121.493315  9.71    4693    260
 452     3.5      2385  771.5 12.2  84.0   9.6 247   5.0 287.0 25.007472 121.493385  9.73    4686    260
 453     4.3      2390  771.2 12.2  83.9   9.6 247   5.1 287.0 25.007492 121.493474  9.72    4677    260
 454     3.1      2393  770.8 12.2  83.8   9.6 246   5.2 287.1 25.007504 121.493566  9.72    4667    260
 455     3.5      2396  770.5 12.2  83.7   9.6 246   5.3 287.1 25.007515 121.493641  9.72    4659    260
 456     4.4      2401  770.2 12.2  83.6   9.6 246   5.4 287.1 25.007526 121.493699  9.73    4653    260
 457     3.7      2404  769.8 12.3  83.5   9.6 246   5.4 287.1 25.007539 121.493745  9.73    4649    260
 458     3.2      2408  769.5 12.3  83.4   9.6 246   5.5 287.1 25.007556 121.493785  9.74    4644    260
 459     3.9      2411  769.2 12.3  83.3   9.6 246   5.5 287.1 25.007577 121.493830  9.74    4639    260
 460     2.7      2414  768.8 12.3  83.3   9.6 245   5.5 287.2 25.007598 121.493890  9.75    4633    260
 461     3.7      2418  768.5 12.3  83.2   9.5 245   5.6 287.2 25.007620 121.493957  9.74    4626    260
 462     3.9      2422  768.2 12.3  83.1   9.5 245   5.6 287.1 25.007641 121.494026  9.73    4619    260
 463     3.6      2425  767.9 12.3  83.1   9.5 245   5.6 287.1 25.007658 121.494096  9.73    4612    260
 464     3.2      2428  767.5 12.3  83.2   9.5 245   5.6 287.1 25.007672 121.494165  9.72    4604    260
 465     3.3      2432  767.2 12.2  83.2   9.5 245   5.6 287.1 25.007690 121.494230  9.71    4598    260
 466     3.8      2436  766.9 12.2  83.3   9.5 244   5.6 287.1 25.007719 121.494288  9.71    4591    260
 467     3.9      2440  766.6 12.2  83.4   9.5 244   5.6 287.0 25.007758 121.494339  9.71    4586    261
 468     3.7      2443  766.2 12.2  83.5   9.5 244   5.6 287.0 25.007796 121.494387  9.72    4580    261
 469     4.2      2447  765.9 12.2  83.6   9.5 244   5.5 287.0 25.007827 121.494435  9.72    4575    261
 470     2.8      2450  765.6 12.1  83.4   9.4 244   5.5 287.0 25.007852 121.494482  9.70    4570    261
 471     3.7      2454  765.2 12.1  83.3   9.4 243   5.5 287.0 25.007876 121.494529  9.68    4564    261
 472     3.7      2458  764.9 12.1  83.3   9.4 243   5.5 286.9 25.007899 121.494576  9.66    4559    261
 473     4.0      2462  764.5 12.1  83.3   9.3 243   5.4 286.9 25.007923 121.494621  9.66    4554    261
 474     3.2      2465  764.2 12.1  83.3   9.3 243   5.4 286.9 25.007948 121.494669  9.65    4549    261
 475     4.0      2469  763.9 12.0  83.4   9.3 242   5.3 286.9 25.007973 121.494726  9.65    4543    261
 476     4.4      2473  763.5 12.0  83.6   9.3 242   5.3 286.8 25.008003 121.494787  9.67    4536    261
 477     3.4      2477  763.2 12.0  83.7   9.3 242   5.2 286.8 25.008030 121.494850  9.67    4530    261
 478     3.1      2480  762.8 12.0  83.7   9.3 242   5.2 286.8 25.008048 121.494919  9.66    4522    261
 479     4.9      2485  762.5 12.0  83.7   9.3 241   5.1 286.8 25.008061 121.494982  9.65    4516    261
 480     3.7      2488  762.2 11.9  83.7   9.3 241   5.1 286.8 25.008075 121.495024  9.65    4512    261
 481     3.6      2492  761.8 11.9  83.7   9.3 241   5.0 286.8 25.008090 121.495048  9.65    4509    261
 482     3.6      2495  761.5 11.9  83.7   9.3 241   5.0 286.7 25.008105 121.495066  9.64    4507    261
 483     3.0      2498  761.2 11.9  83.4   9.2 241   4.9 286.7 25.008120 121.495088  9.61    4504    261
 484     3.0      2501  760.8 11.9  82.7   9.1 241   4.8 286.7 25.008133 121.495127  9.54    4500    261
 485     4.4      2506  760.5 12.0  81.3   8.9 240   4.8 286.8 25.008146 121.495178  9.41    4495    261
 486     3.5      2509  760.2 12.0  79.9   8.7 240   4.7 286.8 25.008158 121.495215  9.27    4491    261
 487     4.3      2514  759.9 12.1  78.7   8.5 240   4.7 286.8 25.008173 121.495234  9.17    4489    261
 488     3.5      2517  759.5 12.1  77.8   8.4 240   4.6 286.9 25.008193 121.495273  9.10    4485    261
 489     3.3      2520  759.2 12.2  77.2   8.3 240   4.6 286.9 25.008213 121.495305  9.05    4481    261
 490     2.9      2523  758.9 12.2  76.9   8.2 241   4.5 286.9 25.008233 121.495337  9.02    4478    261
 491     4.0      2527  758.6 12.2  76.8   8.2 241   4.5 286.9 25.008254 121.495369  9.01    4474    261
 492     3.1      2530  758.3 12.2  76.9   8.2 241   4.5 286.9 25.008276 121.495402  9.02    4470    261
 493     3.2      2534  758.0 12.1  77.0   8.2 241   4.4 286.9 25.008298 121.495436  9.03    4467    261
 494     3.7      2537  757.6 12.1  77.2   8.2 241   4.4 286.8 25.008321 121.495469  9.04    4463    261
 495     4.6      2542  757.3 12.1  77.2   8.2 242   4.4 286.8 25.008344 121.495501  9.03    4459    261
 496     4.0      2546  757.0 12.1  77.0   8.2 242   4.4 286.8 25.008367 121.495533  9.00    4456    261
 497     3.3      2549  756.7 12.1  76.7   8.1 242   4.4 286.8 25.008390 121.495554  8.98    4453    261
 498     2.4      2552  756.4 12.1  76.6   8.1 243   4.4 286.8 25.008413 121.495573  8.96    4451    261
 499     3.9      2556  756.1 12.1  76.5   8.1 244   4.4 286.8 25.008437 121.495593  8.95    4449    261
 500     3.8      2559  755.8 12.0  76.6   8.1 244   4.4 286.7 25.008459 121.495612  8.95    4446    261
 501     2.0      2561  755.5 12.0  76.4   8.0 245   4.4 286.7 25.008482 121.495632  8.93    4444    261
 502     3.0      2564  755.2 12.0  76.2   8.0 245   4.4 286.7 25.008505 121.495652  8.90    4442    261
 503     3.6      2568  754.9 12.0  75.8   7.9 246   4.4 286.7 25.008528 121.495672  8.84    4439    261
 504     3.9      2572  754.6 12.0  75.2   7.8 246   4.4 286.7 25.008550 121.495693  8.77    4437    261
 505     4.0      2576  754.3 12.0  74.6   7.6 247   4.4 286.7 25.008573 121.495714  8.70    4434    261
 506     2.3      2578  754.0 12.0  74.0   7.5 247   4.4 286.6 25.008595 121.495735  8.64    4432    261
 507     3.5      2582  753.7 12.0  73.5   7.4 248   4.4 286.6 25.008617 121.495757  8.58    4429    261
 508     3.5      2585  753.4 12.0  73.1   7.3 248   4.5 286.6 25.008638 121.495780  8.53    4427    261
 509     2.6      2588  753.1 12.0  72.6   7.2 249   4.5 286.6 25.008660 121.495803  8.47    4424    261
 510     3.2      2591  752.8 12.0  71.7   7.1 249   4.5 286.6 25.008681 121.495826  8.38    4421    261
 511     3.1      2594  752.5 12.0  70.6   6.8 250   4.5 286.6 25.008702 121.495851  8.25    4418    262
 512     3.2      2597  752.2 12.0  69.7   6.7 250   4.5 286.6 25.008722 121.495876  8.15    4416    262
 513     3.3      2600  751.9 12.0  69.2   6.5 251   4.5 286.6 25.008742 121.495902  8.10    4413    262
 514     4.0      2604  751.6 12.0  68.9   6.5 251   4.5 286.5 25.008762 121.495929  8.06    4410    262
 515     3.8      2608  751.3 12.0  68.4   6.4 252   4.5 286.5 25.008781 121.495957  8.00    4407    262
 516     3.1      2611  751.0 12.0  67.6   6.2 252   4.5 286.5 25.008800 121.495986  7.92    4403    262
 517     4.1      2615  750.7 12.0  66.8   6.0 253   4.5 286.5 25.008819 121.496016  7.82    4400    262
 518     3.3      2619  750.3 12.0  66.3   5.9 253   4.5 286.5 25.008837 121.496047  7.75    4397    262
 519     3.5      2622  750.0 12.0  66.2   5.9 253   4.6 286.5 25.008855 121.496079  7.74    4393    262
 520     4.0      2626  749.7 11.9  66.4   5.9 254   4.6 286.4 25.008872 121.496112  7.76    4390    262
 521     4.5      2631  749.3 11.9  66.5   5.9 254   4.6 286.4 25.008889 121.496146  7.76    4386    262
 522     3.5      2634  749.0 11.9  66.5   5.9 255   4.6 286.4 25.008905 121.496182  7.74    4382    262
 523     3.3      2638  748.7 11.9  66.4   5.8 255   4.6 286.3 25.008920 121.496219  7.72    4378    262
 524     3.4      2641  748.3 11.8  66.3   5.8 256   4.6 286.3 25.008935 121.496258  7.70    4374    262
 525     4.3      2645  748.0 11.8  66.2   5.7 256   4.6 286.3 25.008949 121.496298  7.68    4370    262
 526     4.7      2650  747.7 11.8  66.2   5.7 256   4.6 286.2 25.008963 121.496339  7.67    4365    262
 527     3.2      2653  747.4 11.7  66.2   5.7 257   4.6 286.2 25.008976 121.496382  7.66    4361    262
 528     2.0      2655  747.1 11.7  66.2   5.6 257   4.7 286.2 25.008989 121.496426  7.64    4356    262
 529     3.3      2658  746.8 11.7  66.1   5.6 257   4.7 286.2 25.009000 121.496473  7.63    4352    262
 530     3.4      2662  746.4 11.7  66.1   5.6 258   4.7 286.1 25.009011 121.496520  7.62    4347    262
 531     4.0      2666  746.1 11.6  66.1   5.5 258   4.7 286.1 25.009021 121.496570  7.60    4341    262
 532     4.3      2670  745.8 11.6  66.0   5.5 259   4.7 286.1 25.009031 121.496621  7.58    4336    262
 533     4.2      2674  745.5 11.6  65.6   5.4 259   4.7 286.0 25.009040 121.496674  7.53    4331    262
 534     2.6      2677  745.2 11.6  64.9   5.2 259   4.7 286.0 25.009047 121.496730  7.45    4325    262
 535     3.9      2681  744.8 11.6  64.1   5.0 259   4.7 286.0 25.009055 121.496787  7.35    4319    262
 536     3.3      2684  744.5 11.6  63.3   4.8 260   4.7 286.0 25.009061 121.496846  7.26    4313    262
 537     3.8      2688  744.2 11.5  62.9   4.7 260   4.7 285.9 25.009066 121.496907  7.21    4307    262
 538     3.7      2692  743.9 11.5  62.7   4.7 260   4.7 285.9 25.009071 121.496970  7.19    4301    262
 539     3.2      2695  743.6 11.5  62.4   4.6 261   4.8 285.9 25.009074 121.497035  7.15    4294    262
 540     3.1      2698  743.3 11.5  61.8   4.4 261   4.8 285.9 25.009077 121.497103  7.07    4287    262
 541     4.3      2702  742.9 11.5  60.9   4.2 261   4.8 285.9 25.009080 121.497172  6.97    4280    262
 542     3.6      2706  742.6 11.5  60.4   4.1 261   4.8 285.8 25.009089 121.497239  6.91    4274    262
 543     3.4      2709  742.3 11.5  60.4   4.1 262   4.8 285.8 25.009110 121.497301  6.90    4267    262
 544     3.3      2713  742.0 11.4  60.2   4.0 262   4.8 285.8 25.009135 121.497361  6.87    4261    262
 545     3.2      2716  741.7 11.4  59.6   3.9 263   4.8 285.8 25.009156 121.497420  6.80    4254    262
 546     3.7      2719  741.3 11.4  59.0   3.7 263   4.8 285.7 25.009162 121.497469  6.73    4249    262
 547     3.7      2723  741.0 11.4  58.4   3.5 263   4.8 285.7 25.009153 121.497507  6.65    4246    262
 548     4.1      2727  740.7 11.4  57.7   3.4 264   4.9 285.7 25.009131 121.497535  6.57    4243    262
 549     4.6      2732  740.3 11.4  57.2   3.2 264   4.9 285.6 25.009108 121.497559  6.51    4241    262
 550     4.2      2736  740.0 11.3  57.0   3.1 264   4.9 285.6 25.009100 121.497592  6.48    4238    262
 551     3.5      2740  739.6 11.3  56.7   3.1 264   4.9 285.6 25.009101 121.497636  6.44    4234    262
 552     4.0      2744  739.3 11.3  56.3   3.0 265   4.9 285.6 25.009109 121.497690  6.39    4228    262
 553     2.7      2746  739.0 11.3  55.8   2.8 265   4.9 285.5 25.009135 121.497746  6.33    4222    262
 554     4.1      2750  738.6 11.3  55.4   2.7 265   5.0 285.5 25.009164 121.497803  6.27    4216    262
 555     3.8      2754  738.3 11.2  55.2   2.6 266   5.0 285.5 25.009172 121.497856  6.25    4211    262
 556     3.8      2758  738.0 11.2  55.2   2.6 266   5.0 285.5 25.009169 121.497906  6.24    4206    262
 557     3.6      2761  737.7 11.2  55.3   2.6 266   5.1 285.4 25.009168 121.497955  6.24    4201    262
 558     4.1      2766  737.4 11.2  55.2   2.5 266   5.1 285.4 25.009162 121.498010  6.22    4195    262
 559     2.8      2768  737.0 11.2  55.0   2.5 267   5.1 285.4 25.009151 121.498068  6.20    4190    262
 560     3.9      2772  736.7 11.1  54.9   2.4 267   5.1 285.3 25.009144 121.498122  6.18    4185    262
 561     4.1      2776  736.4 11.1  54.9   2.4 267   5.2 285.3 25.009141 121.498169  6.17    4180    262
 562     2.6      2779  736.1 11.1  54.9   2.4 267   5.2 285.3 25.009141 121.498208  6.16    4176    262
 563     3.5      2782  735.8 11.0  55.0   2.4 267   5.2 285.3 25.009141 121.498246  6.16    4172    262
 564     3.5      2786  735.5 11.0  55.1   2.4 267   5.3 285.2 25.009140 121.498287  6.17    4168    262
 565     3.4      2789  735.2 11.0  55.2   2.4 267   5.3 285.2 25.009139 121.498329  6.16    4164    262
 566     3.9      2793  734.9 11.0  55.0   2.3 267   5.3 285.2 25.009138 121.498371  6.14    4160    262
 567     3.0      2796  734.6 10.9  54.9   2.2 267   5.4 285.1 25.009141 121.498416  6.12    4155    262
 568     3.8      2800  734.2 10.9  54.7   2.2 267   5.4 285.1 25.009148 121.498463  6.09    4150    262
 569     4.5      2805  733.9 10.9  54.3   2.0 268   5.4 285.1 25.009155 121.498516  6.04    4145    262
 570     3.7      2808  733.6 10.9  53.6   1.9 268   5.5 285.0 25.009163 121.498575  5.96    4139    262
 571     3.9      2812  733.3 10.8  53.1   1.7 268   5.5 285.0 25.009169 121.498640  5.89    4132    262
 572     2.9      2815  732.9 10.8  52.5   1.5 268   5.6 285.0 25.009175 121.498711  5.83    4125    262
 573     3.8      2819  732.6 10.8  52.2   1.4 268   5.6 285.0 25.009180 121.498787  5.78    4118    262
 574     3.5      2822  732.3 10.8  52.1   1.4 267   5.6 284.9 25.009185 121.498867  5.77    4109    262
 575     3.3      2826  732.0 10.8  52.2   1.4 267   5.7 284.9 25.009188 121.498951  5.77    4101    262
 576     4.5      2830  731.6 10.7  52.3   1.4 267   5.7 284.9 25.009192 121.499037  5.77    4092    262
 577     4.3      2835  731.3 10.7  52.4   1.4 267   5.8 284.8 25.009194 121.499126  5.77    4083    262
 578     4.0      2839  731.0 10.6  52.4   1.3 267   5.9 284.8 25.009196 121.499216  5.76    4074    262
 579     3.1      2842  730.7 10.6  52.4   1.3 267   5.9 284.8 25.009198 121.499306  5.75    4065    262
 580     2.8      2844  730.3 10.6  52.3   1.2 267   6.0 284.7 25.009200 121.499396  5.73    4056    262
 581     3.3      2848  730.0 10.6  52.2   1.2 267   6.0 284.7 25.009201 121.499486  5.72    4047    262
 582     4.5      2852  729.7 10.5  52.0   1.1 267   6.1 284.7 25.009202 121.499574  5.68    4039    262
 583     3.5      2856  729.4 10.5  51.8   1.0 267   6.1 284.6 25.009203 121.499659  5.65    4030    261
 584     3.7      2860  729.0 10.5  51.6   1.0 267   6.2 284.6 25.009204 121.499742  5.63    4022    261
 585     4.7      2864  728.7 10.5  51.5   0.9 267   6.2 284.6 25.009206 121.499820  5.61    4014    261
 586     2.8      2867  728.4 10.5  51.4   0.9 267   6.3 284.6 25.009207 121.499895  5.60    4006    261
 587     4.5      2871  728.1 10.4  51.5   0.9 267   6.3 284.5 25.009208 121.499964  5.60    4000    261
 588     3.0      2875  727.7 10.4  51.7   0.9 267   6.4 284.5 25.009210 121.500027  5.61    3993    261
 589     3.3      2878  727.4 10.4  51.8   0.9 266   6.4 284.5 25.009212 121.500084  5.62    3987    261
 590     3.9      2882  727.1 10.3  52.1   1.0 266   6.5 284.5 25.009214 121.500133  5.65    3983    261
 591     3.4      2885  726.8 10.3  52.7   1.1 266   6.5 284.4 25.009217 121.500174  5.70    3978    261
 592     4.5      2890  726.4 10.3  53.7   1.3 266   6.6 284.4 25.009220 121.500207  5.80    3975    261
 593     4.0      2894  726.1 10.2  55.0   1.6 266   6.6 284.4 25.009224 121.500229  5.92    3973    261
 594     4.1      2898  725.7 10.2  55.7   1.7 266   6.7 284.4 25.009228 121.500242  5.99    3971    261
 595     3.5      2901  725.4 10.2  55.9   1.8 266   6.7 284.3 25.009233 121.500250  6.00    3971    261
 596     3.8      2905  725.0 10.1  56.2   1.8 266   6.8 284.3 25.009237 121.500277  6.02    3968    261
 597     4.5      2909  724.7 10.1  56.8   1.9 266   6.8 284.3 25.009241 121.500327  6.08    3963    261
 598     4.5      2914  724.3 10.0  57.5   2.0 265   6.8 284.3 25.009243 121.500392  6.13    3956    261
 599     4.2      2918  724.0 10.0  58.3   2.2 265   6.9 284.2 25.009244 121.500462  6.21    3949    261
 600     3.9      2922  723.6 10.0  59.4   2.4 265   6.9 284.2 25.009246 121.500536  6.31    3942    261
 601     4.5      2926  723.3  9.9  60.8   2.7 265   6.9 284.2 25.009250 121.500610  6.44    3934    261
 602     3.3      2930  722.9  9.9  62.2   3.0 265   7.0 284.2 25.009257 121.500681  6.58    3927    261
 603     3.7      2933  722.6  9.8  63.3   3.2 265   7.0 284.1 25.009259 121.500756  6.69    3920    261
 604     4.0      2937  722.3  9.8  63.8   3.3 265   7.0 284.1 25.009262 121.500830  6.72    3912    261
 605     4.0      2941  721.9  9.8  63.8   3.3 264   7.0 284.1 25.009264 121.500904  6.72    3905    261
 606     3.3      2945  721.6  9.7  64.1   3.3 264   7.1 284.1 25.009266 121.500978  6.74    3897    261
 607     3.8      2949  721.3  9.7  65.0   3.5 264   7.1 284.0 25.009268 121.501051  6.81    3890    261
 608     4.2      2953  721.0  9.7  66.3   3.7 264   7.1 284.0 25.009270 121.501125  6.94    3883    261
 609     3.4      2956  720.6  9.6  67.7   3.9 264   7.1 284.0 25.009272 121.501197  7.06    3875    261
 610     3.5      2960  720.3  9.6  68.8   4.1 263   7.2 284.0 25.009274 121.501270  7.16    3868    261
 611     3.7      2963  720.0  9.5  69.9   4.3 263   7.2 283.9 25.009288 121.501331  7.26    3862    261
 612     3.8      2967  719.7  9.5  70.9   4.5 263   7.2 283.9 25.009303 121.501391  7.34    3856    261
 613     3.0      2970  719.4  9.4  71.8   4.6 262   7.2 283.9 25.009319 121.501451  7.42    3849    261
 614     4.2      2974  719.1  9.4  72.3   4.7 262   7.2 283.8 25.009334 121.501511  7.46    3843    261
 615     4.3      2979  718.7  9.4  72.5   4.7 262   7.3 283.8 25.009350 121.501572  7.46    3837    261
 616     1.9      2981  718.4  9.3  72.5   4.7 261   7.3 283.8 25.009365 121.501632  7.45    3830    261
 617     5.0      2985  718.1  9.3  73.0   4.7 261   7.3 283.7 25.009381 121.501692  7.48    3824    261
 618     4.1      2990  717.7  9.3  73.7   4.8 261   7.3 283.7 25.009397 121.501753  7.54    3818    261
 619     4.2      2994  717.4  9.2  74.4   4.9 260   7.3 283.7 25.009413 121.501813  7.59    3812    261
 620     3.4      2997  717.0  9.2  74.9   5.0 260   7.4 283.6 25.009429 121.501874  7.62    3805    261
 621     4.3      3002  716.7  9.1  75.3   5.0 260   7.4 283.6 25.009445 121.501935  7.63    3799    261
 622     4.7      3006  716.4  9.1  75.5   5.0 259   7.4 283.5 25.009462 121.501996  7.64    3793    261
 623     3.9      3010  716.0  9.0  76.0   5.1 259   7.4 283.5 25.009478 121.502057  7.68    3786    261
 624     3.7      3014  715.7  9.0  76.7   5.1 258   7.4 283.5 25.009495 121.502118  7.73    3780    261
 625     3.9      3018  715.3  9.0  77.3   5.2 258   7.5 283.5 25.009512 121.502180  7.78    3773    261
 626     3.2      3021  715.0  8.9  78.0   5.3 258   7.5 283.4 25.009529 121.502242  7.83    3767    261
 627     4.0      3025  714.7  8.9  79.1   5.5 257   7.5 283.4 25.009547 121.502304  7.92    3760    261
 628     3.5      3028  714.3  8.8  80.3   5.6 257   7.5 283.4 25.009565 121.502366  8.02    3754    261
 629     4.4      3033  714.0  8.8  81.6   5.8 257   7.6 283.3 25.009583 121.502428  8.11    3747    261
 630     5.1      3038  713.6  8.7  82.4   5.9 257   7.6 283.3 25.009601 121.502491  8.18    3741    262
 631     3.7      3042  713.3  8.7  82.9   6.0 256   7.6 283.3 25.009620 121.502554  8.21    3734    262
 632     3.6      3045  713.0  8.7  83.4   6.0 256   7.6 283.2 25.009639 121.502618  8.24    3728    262
 633     3.5      3049  712.6  8.6  83.9   6.0 256   7.6 283.2 25.009658 121.502681  8.27    3721    262
 634     4.1      3053  712.3  8.6  84.3   6.1 255   7.7 283.1 25.009678 121.502745  8.29    3714    262
 635     4.1      3057  711.9  8.5  84.4   6.1 255   7.7 283.1 25.009698 121.502810  8.28    3707    262
 636     4.0      3061  711.6  8.5  84.3   6.0 255   7.7 283.1 25.009719 121.502875  8.25    3701    262
 637     2.9      3064  711.3  8.5  84.2   6.0 254   7.7 283.0 25.009740 121.502940  8.24    3694    262
 638     4.7      3069  710.9  8.4  84.3   6.0 254   7.8 283.0 25.009761 121.503005  8.23    3687    262
 639     4.5      3073  710.6  8.4  84.4   5.9 254   7.8 283.0 25.009783 121.503071  8.23    3680    262
 640     3.8      3077  710.3  8.4  84.6   5.9 253   7.8 282.9 25.009805 121.503137  8.23    3673    262
 641     3.3      3080  710.0  8.4  84.7   5.9 253   7.8 282.9 25.009828 121.503204  8.22    3666    262
 642     3.3      3083  709.6  8.3  84.7   5.9 253   7.8 282.9 25.009851 121.503271  8.21    3659    262
 643     3.7      3087  709.3  8.3  84.6   5.9 253   7.9 282.9 25.009875 121.503339  8.19    3652    262
 644     3.9      3091  709.0  8.3  84.3   5.8 252   7.9 282.8 25.009899 121.503407  8.16    3645    262
 645     3.5      3095  708.7  8.3  84.2   5.8 252   7.9 282.8 25.009924 121.503476  8.14    3637    262
 646     3.6      3098  708.4  8.2  84.1   5.7 252   7.9 282.8 25.009949 121.503545  8.12    3630    262
 647     3.7      3102  708.0  8.2  84.0   5.7 251   8.0 282.7 25.009975 121.503615  8.10    3623    262
 648     4.1      3106  707.7  8.2  83.9   5.6 251   8.0 282.7 25.010002 121.503685  8.07    3615    262
 649     4.8      3111  707.4  8.2  83.9   5.6 251   8.0 282.7 25.010029 121.503756  8.06    3608    262
 650     3.4      3114  707.0  8.1  84.0   5.6 251   8.0 282.7 25.010056 121.503827  8.06    3600    262
 651     3.7      3118  706.7  8.1  83.9   5.5 250   8.0 282.6 25.010085 121.503899  8.04    3592    262
 652     4.1      3122  706.4  8.1  83.7   5.5 250   8.1 282.6 25.010114 121.503971  8.01    3585    262
 653     3.5      3125  706.0  8.0  83.4   5.4 250   8.1 282.6 25.010143 121.504045  7.97    3577    262
 654     4.6      3130  705.7  8.0  83.4   5.4 250   8.1 282.5 25.010174 121.504118  7.96    3569    262
 655     3.9      3134  705.4  8.0  83.6   5.4 249   8.1 282.5 25.010205 121.504193  7.96    3561    262
 656     2.8      3137  705.1  8.0  83.7   5.4 249   8.2 282.5 25.010237 121.504268  7.96    3553    262
 657     4.4      3141  704.7  7.9  83.9   5.4 249   8.2 282.4 25.010269 121.504343  7.96    3545    262
 658     4.2      3145  704.4  7.9  84.1   5.4 249   8.2 282.4 25.010302 121.504420  7.97    3537    262
 659     3.5      3149  704.0  7.9  84.4   5.4 248   8.2 282.4 25.010336 121.504497  7.98    3529    262
 660     3.7      3153  703.7  7.8  84.7   5.4 248   8.2 282.3 25.010371 121.504575  7.99    3521    262
 661     4.3      3157  703.4  7.8  85.0   5.4 248   8.3 282.3 25.010407 121.504653  8.00    3512    262
 662     4.5      3161  703.0  7.7  85.4   5.5 248   8.3 282.3 25.010443 121.504732  8.03    3504    262
 663     4.2      3166  702.7  7.7  85.7   5.5 247   8.3 282.2 25.010480 121.504812  8.04    3495    263
 664     4.7      3170  702.3  7.7  85.8   5.5 247   8.3 282.2 25.010519 121.504893  8.04    3487    263
 665     3.5      3174  702.0  7.7  85.8   5.4 247   8.3 282.2 25.010557 121.504975  8.03    3478    263
 666     3.7      3178  701.7  7.6  85.8   5.4 247   8.3 282.2 25.010597 121.505057  8.01    3469    263
 667     3.1      3181  701.4  7.6  85.8   5.4 246   8.4 282.1 25.010638 121.505140  8.01    3460    263
 668     3.7      3184  701.0  7.6  86.0   5.4 246   8.4 282.1 25.010680 121.505224  8.01    3451    263
 669     3.9      3188  700.7  7.5  86.1   5.4 246   8.4 282.1 25.010722 121.505309  8.00    3442    263
 670     3.8      3192  700.4  7.5  86.1   5.3 246   8.4 282.0 25.010766 121.505394  7.98    3433    263
 671     3.4      3195  700.1  7.5  85.9   5.3 246   8.4 282.0 25.010810 121.505481  7.95    3424    263
 672     3.5      3199  699.8  7.4  85.5   5.2 245   8.5 281.9 25.010855 121.505568  7.90    3414    263
 673     4.6      3204  699.4  7.4  85.2   5.1 245   8.5 281.9 25.010902 121.505657  7.86    3405    263
 674     4.6      3208  699.1  7.4  85.0   5.0 245   8.5 281.9 25.010949 121.505746  7.84    3395    263
 675     3.0      3211  698.8  7.4  84.9   5.0 245   8.5 281.8 25.010997 121.505836  7.81    3385    263
 676     4.1      3215  698.4  7.3  84.5   4.9 245   8.5 281.8 25.011046 121.505927  7.77    3376    263
 677     3.9      3219  698.1  7.3  83.8   4.8 244   8.5 281.8 25.011092 121.506015  7.70    3366    263
 678     3.9      3223  697.8  7.3  83.0   4.6 244   8.5 281.7 25.011135 121.506097  7.61    3357    263
 679     3.6      3227  697.5  7.3  82.2   4.4 244   8.5 281.7 25.011175 121.506173  7.53    3349    264
 680     4.7      3231  697.1  7.3  81.3   4.3 244   8.6 281.7 25.011213 121.506243  7.44    3342    264
 681     3.7      3235  696.8  7.2  80.0   4.0 244   8.6 281.6 25.011249 121.506310  7.32    3335    264
 682     3.0      3238  696.5  7.2  79.3   3.9 244   8.6 281.6 25.011282 121.506376  7.25    3328    264
 683     3.9      3242  696.2  7.2  79.2   3.9 243   8.6 281.6 25.011309 121.506447  7.23    3320    264
 684     3.0      3245  695.9  7.2  79.3   3.8 243   8.6 281.6 25.011337 121.506524  7.23    3312    264
 685     3.4      3248  695.6  7.2  79.4   3.8 243   8.6 281.5 25.011365 121.506605  7.23    3304    264
 686     3.1      3251  695.3  7.1  79.7   3.9 243   8.6 281.5 25.011390 121.506686  7.24    3295    264
 687     4.3      3256  695.0  7.1  80.4   3.9 243   8.6 281.5 25.011419 121.506769  7.29    3287    264
 688     4.1      3260  694.7  7.0  81.2   4.0 243   8.7 281.4 25.011456 121.506854  7.33    3278    264
 689     4.5      3264  694.3  7.0  81.4   4.0 242   8.7 281.4 25.011496 121.506937  7.34    3269    264
 690     4.3      3269  694.0  7.0  81.5   4.0 242   8.7 281.4 25.011543 121.507015  7.34    3260    264
 691     3.2      3272  693.7  6.9  81.8   4.0 242   8.7 281.3 25.011595 121.507086  7.35    3253    264
 692     3.7      3276  693.4  6.9  82.3   4.1 242   8.7 281.3 25.011645 121.507155  7.38    3245    264
 693     3.1      3279  693.0  6.9  83.0   4.2 242   8.7 281.3 25.011687 121.507219  7.43    3238    264
 694     4.4      3283  692.7  6.8  83.7   4.3 242   8.7 281.2 25.011730 121.507283  7.48    3231    264
 695     3.6      3287  692.4  6.8  84.5   4.4 242   8.7 281.2 25.011773 121.507350  7.53    3224    264
 696     4.3      3291  692.1  6.8  85.5   4.5 242   8.7 281.2 25.011813 121.507421  7.61    3217    265
 697     3.8      3295  691.7  6.7  86.6   4.6 242   8.7 281.2 25.011843 121.507492  7.69    3209    265
 698     4.1      3299  691.4  6.7  87.3   4.7 242   8.7 281.2 25.011863 121.507566  7.74    3202    265
 699     3.6      3303  691.1  6.6  87.6   4.7 242   8.7 281.1 25.011880 121.507640  7.75    3194    265
 700     3.7      3306  690.7  6.6  87.4   4.7 242   8.7 281.1 25.011910 121.507718  7.72    3186    265
 701     4.6      3311  690.4  6.6  86.9   4.6 242   8.7 281.0 25.011963 121.507805  7.66    3177    265
 702     4.0      3315  690.1  6.6  86.2   4.4 242   8.7 281.0 25.012019 121.507894  7.59    3167    265
 703     3.3      3318  689.8  6.5  85.4   4.3 242   8.7 281.0 25.012065 121.507980  7.51    3158    265
 704     3.2      3321  689.4  6.5  85.0   4.2 242   8.6 280.9 25.012099 121.508057  7.47    3150    265
 705     4.3      3326  689.1  6.5  85.1   4.2 243   8.6 280.9 25.012131 121.508126  7.47    3143    265
 706     4.7      3330  688.8  6.5  85.2   4.2 243   8.6 280.9 25.012163 121.508196  7.47    3135    265
 707     4.1      3334  688.4  6.4  85.0   4.1 243   8.6 280.9 25.012200 121.508271  7.44    3127    265
 708     4.5      3339  688.1  6.4  84.3   4.0 243   8.6 280.8 25.012242 121.508350  7.37    3119    265
 709     3.5      3342  687.8  6.4  82.8   3.7 243   8.6 280.8 25.012288 121.508430  7.24    3111    265
 710     2.9      3345  687.4  6.4  80.5   3.3 243   8.7 280.7 25.012337 121.508507  7.03    3102    265
 711     4.1      3349  687.1  6.4  77.9   2.8 243   8.7 280.7 25.012379 121.508585  6.81    3094    265
 712     4.3      3354  686.8  6.4  76.6   2.6 243   8.7 280.7 25.012395 121.508656  6.69    3087    265
 713     4.0      3358  686.5  6.4  76.5   2.5 244   8.7 280.7 25.012412 121.508726  6.67    3080    266
 714     3.9      3362  686.1  6.3  76.2   2.5 244   8.7 280.6 25.012441 121.508802  6.63    3072    266
 715     3.7      3365  685.8  6.3  74.7   2.2 244   8.7 280.6 25.012474 121.508880  6.50    3064    266
 716     3.7      3369  685.5  6.3  73.2   1.9 244   8.7 280.5 25.012507 121.508955  6.36    3056    266
 717     5.0      3374  685.1  6.3  71.2   1.5 244   8.8 280.5 25.012536 121.509030  6.19    3048    266
 718     3.5      3378  684.8  6.3  68.4   0.9 245   8.8 280.5 25.012564 121.509107  5.94    3040    266
 719     3.6      3381  684.5  6.3  65.7   0.4 245   8.8 280.4 25.012588 121.509184  5.71    3032    266
 720     3.8      3385  684.2  6.3  64.6   0.1 245   8.9 280.4 25.012614 121.509257  5.62    3024    266
 721     4.2      3389  683.9  6.3  64.4   0.1 245   8.9 280.4 25.012645 121.509327  5.60    3017    266
 722     2.9      3392  683.6  6.3  63.7  -0.1 245   8.9 280.4 25.012676 121.509398  5.53    3010    266
 723     3.3      3395  683.3  6.3  61.5  -0.6 245   9.0 280.3 25.012706 121.509469  5.34    3002    266
 724     4.6      3400  683.0  6.3  58.5  -1.3 246   9.0 280.3 25.012737 121.509541  5.08    2995    266
 725     3.4      3403  682.7  6.3  55.4  -2.0 246   9.1 280.2 25.012766 121.509617  4.81    2987    266
 726     3.4      3407  682.3  6.3  53.4  -2.5 246   9.1 280.2 25.012796 121.509699  4.64    2979    266
 727     3.4      3410  682.0  6.3  52.5  -2.7 246   9.2 280.2 25.012824 121.509784  4.57    2970    266
 728     4.7      3415  681.7  6.3  51.9  -2.9 246   9.2 280.2 25.012850 121.509870  4.51    2961    266
 729     3.2      3418  681.4  6.3  50.4  -3.3 246   9.3 280.1 25.012876 121.509956  4.38    2952    266
 730     3.2      3421  681.1  6.2  48.2  -3.9 246   9.3 280.1 25.012903 121.510045  4.19    2943    266
 731     4.9      3426  680.8  6.3  45.5  -4.7 246   9.4 280.1 25.012928 121.510142  3.95    2933    266
 732     3.8      3430  680.5  6.3  42.3  -5.6 246   9.4 280.0 25.012952 121.510245  3.68    2922    266
 733     2.8      3433  680.2  6.3  38.3  -6.9 246   9.5 280.0 25.012976 121.510351  3.33    2912    266
 734     3.5      3436  679.9  6.3  34.7  -8.1 246   9.5 280.0 25.013003 121.510457  3.03    2901    267
 735     3.7      3440  679.6  6.3  32.5  -9.0 246   9.6 280.0 25.013035 121.510558  2.84    2890    267
 736     4.3      3444  679.3  6.3  30.7  -9.7 246   9.7 280.0 25.013068 121.510652  2.68    2881    267
 737     3.0      3447  679.0  6.4  29.1 -10.3 246   9.7 280.0 25.013101 121.510740  2.55    2872    267
 738     4.1      3451  678.7  6.4  28.2 -10.7 246   9.8 280.0 25.013139 121.510823  2.48    2863    267
 739     3.5      3455  678.4  6.5  28.5 -10.5 246   9.9 280.1 25.013181 121.510905  2.51    2854    267
 740     3.8      3459  678.1  6.5  29.0 -10.3 246   9.9 280.1 25.013229 121.510991  2.57    2845    267
 741     4.0      3463  677.7  6.5  29.2 -10.1 246  10.0 280.1 25.013280 121.511075  2.59    2837    267
 742     3.6      3466  677.4  6.5  28.7 -10.3 246  10.1 280.1 25.013329 121.511153  2.55    2829    267
 743     3.9      3470  677.1  6.6  27.0 -11.1 246  10.1 280.1 25.013371 121.511230  2.40    2821    267
 744     4.0      3474  676.8  6.6  24.2 -12.4 246  10.2 280.1 25.013407 121.511318  2.16    2811    267
 745     3.5      3478  676.5  6.7  21.0 -14.1 246  10.3 280.1 25.013441 121.511411  1.88    2802    267
 746     3.4      3481  676.2  6.7  18.5 -15.6 246  10.3 280.2 25.013476 121.511507  1.67    2792    267
 747     3.6      3484  675.9  6.8  17.7 -16.1 246  10.4 280.2 25.013515 121.511600  1.60    2782    268
 748     3.7      3488  675.6  6.8  17.8 -16.0 246  10.5 280.3 25.013560 121.511692  1.62    2773    268
 749     3.2      3491  675.3  6.9  17.8 -16.0 246  10.5 280.3 25.013605 121.511788  1.62    2763    268
 750     3.8      3495  675.0  6.9  17.4 -16.2 246  10.6 280.3 25.013648 121.511887  1.59    2753    268
 751     3.9      3499  674.7  6.9  16.6 -16.7 246  10.6 280.4 25.013690 121.511984  1.52    2743    268
 752     4.5      3504  674.4  7.0  15.6 -17.5 246  10.7 280.4 25.013736 121.512079  1.43    2733    268
 753     4.5      3508  674.0  7.0  14.4 -18.3 246  10.7 280.4 25.013788 121.512176  1.33    2723    268
 754     3.3      3511  673.7  7.1  13.7 -18.9 246  10.7 280.4 25.013855 121.512285  1.27    2712    268
 755     4.1      3516  673.4  7.1  13.4 -19.1 247  10.8 280.5 25.013931 121.512401  1.25    2700    268
 756     3.4      3519  673.1  7.1  13.3 -19.2 247  10.8 280.5 25.013990 121.512510  1.24    2689    269
 757     4.1      3523  672.8  7.1  13.1 -19.4 247  10.9 280.5 25.014006 121.512600  1.22    2680    269
 758     3.5      3527  672.4  7.1  13.0 -19.5 247  10.9 280.5 25.013990 121.512678  1.21    2672    269
 759     3.6      3530  672.1  7.1  13.7 -18.9 247  10.9 280.5 25.013982 121.512761  1.27    2664    269
 760     4.2      3534  671.8  7.1  15.8 -17.2 247  11.0 280.5 25.013984 121.512847  1.47    2655    269
 761     4.7      3539  671.5  7.1  19.7 -14.6 247  11.0 280.5 25.014014 121.512944  1.83    2645    269
 762     3.8      3543  671.2  7.0  24.1 -12.1 247  11.1 280.6 25.014061 121.513048  2.24    2634    269
 763     3.0      3546  670.9  7.0  27.2 -10.6 247  11.1 280.6 25.014121 121.513158  2.52    2623    269
 764     4.2      3550  670.6  7.0  28.7  -9.9 248  11.1 280.6 25.014183 121.513274  2.66    2611    269
 765     4.2      3554  670.3  6.9  29.5  -9.6 248  11.1 280.6 25.014234 121.513395  2.73    2599    269
 766     3.8      3558  670.0  6.9  30.1  -9.4 248  11.1 280.5 25.014278 121.513515  2.77    2587    269
 767     3.4      3561  669.7  6.9  30.7  -9.2 248  11.2 280.5 25.014316 121.513629  2.82    2575    269
 768     3.5      3565  669.4  6.9  31.5  -8.9 248  11.2 280.5 25.014354 121.513735  2.90    2564    269
 769     2.5      3567  669.1  6.8  32.2  -8.6 248  11.2 280.5 25.014387 121.513836  2.96    2554    269
 770     3.9      3571  668.8  6.8  32.9  -8.3 248  11.2 280.5 25.014416 121.513935  3.03    2544    270
 771     4.0      3575  668.5  6.8  34.7  -7.7 248  11.2 280.5 25.014445 121.514035  3.18    2534    270
 772     3.5      3579  668.2  6.7  38.5  -6.4 248  11.2 280.5 25.014476 121.514135  3.52    2524    270
 773     3.9      3583  667.9  6.7  44.2  -4.6 248  11.2 280.5 25.014509 121.514235  4.04    2514    270
 774     2.5      3585  667.7  6.6  50.0  -3.0 248  11.2 280.6 25.014544 121.514335  4.56    2504    270
 775     2.8      3588  667.4  6.6  53.7  -2.1 248  11.2 280.6 25.014579 121.514436  4.88    2494    270
 776     4.3      3592  667.1  6.5  55.0  -1.8 248  11.2 280.6 25.014616 121.514536  4.99    2483    270
 777     3.5      3596  666.8  6.5  54.5  -2.0 248  11.2 280.5 25.014654 121.514637  4.93    2473    270
 778     4.2      3600  666.5  6.5  53.3  -2.3 248  11.2 280.5 25.014693 121.514739  4.82    2463    270
 779     4.3      3604  666.2  6.5  51.8  -2.7 248  11.1 280.4 25.014733 121.514842  4.67    2453    270
 780     3.4      3608  665.9  6.5  51.0  -2.9 248  11.1 280.4 25.014774 121.514945  4.60    2442    270
 781     3.1      3611  665.6  6.4  51.7  -2.8 248  11.1 280.4 25.014815 121.515050  4.66    2432    271
 782     3.2      3614  665.2  6.4  52.8  -2.5 248  11.1 280.4 25.014856 121.515155  4.76    2421    271
 783     4.6      3619  664.9  6.4  53.6  -2.3 248  11.1 280.3 25.014898 121.515262  4.82    2410    271
 784     4.6      3623  664.6  6.3  54.5  -2.2 248  11.1 280.3 25.014939 121.515370  4.88    2399    271
 785     5.2      3628  664.2  6.3  55.6  -1.9 247  11.0 280.3 25.014981 121.515480  4.97    2388    271
 786     3.9      3632  663.9  6.3  56.3  -1.8 247  11.0 280.3 25.015022 121.515592  5.03    2377    271
 787     4.7      3637  663.6  6.2  56.4  -1.8 247  11.0 280.2 25.015063 121.515705  5.03    2366    271
 788     2.5      3640  663.3  6.2  56.3  -1.8 247  11.0 280.2 25.015103 121.515820  5.01    2354    271
 789     3.6      3643  663.0  6.2  56.4  -1.9 247  11.0 280.2 25.015143 121.515938  5.01    2343    271
 790     3.8      3647  662.7  6.1  56.5  -1.9 247  11.0 280.1 25.015181 121.516056  5.01    2331    272
 791     2.8      3650  662.4  6.1  56.5  -1.9 247  10.9 280.1 25.015220 121.516174  5.00    2319    272
 792     4.8      3655  662.1  6.1  56.6  -1.9 247  10.9 280.1 25.015259 121.516286  5.00    2308    272
 793     3.8      3658  661.8  6.0  56.7  -1.9 247  10.9 280.0 25.015299 121.516388  5.00    2298    272
 794     3.8      3662  661.5  6.0  56.8  -1.9 247  10.9 280.0 25.015341 121.516479  5.00    2289    272
 795     3.3      3665  661.2  6.0  56.2  -2.1 246  10.9 280.0 25.015383 121.516561  4.94    2281    272
 796     3.3      3669  660.9  6.0  54.1  -2.6 246  10.9 279.9 25.015425 121.516640  4.75    2273    272
 797     3.6      3672  660.6  6.0  49.8  -3.7 246  10.9 279.9 25.015463 121.516722  4.37    2265    272
 798     4.9      3677  660.3  6.0  46.9  -4.5 246  10.9 279.8 25.015497 121.516812  4.12    2256    273
 799     4.3      3682  659.9  6.0  45.9  -4.8 246  10.9 279.8 25.015528 121.516906  4.03    2246    273
 800     3.4      3685  659.6  6.0  44.9  -5.1 246  10.9 279.8 25.015560 121.517005  3.95    2237    273
 801     3.3      3688  659.3  6.0  43.4  -5.5 246  10.9 279.8 25.015596 121.517107  3.82    2227    273
 802     3.8      3692  659.0  6.0  42.1  -5.9 246  10.9 279.7 25.015637 121.517212  3.70    2216    273
 803     4.5      3697  658.7  6.0  41.6  -6.1 246  10.9 279.7 25.015681 121.517317  3.66    2206    273
 804     3.2      3700  658.4  6.0  42.9  -5.7 245  10.9 279.8 25.015727 121.517423  3.77    2196    273
 805     3.5      3703  658.1  6.0  45.9  -4.8 245  10.9 279.8 25.015776 121.517526  4.04    2185    273
 806     3.9      3707  657.9  5.9  47.7  -4.3 245  10.9 279.8 25.015826 121.517627  4.20    2176    274
 807     3.2      3710  657.6  5.9  47.9  -4.3 245  10.9 279.8 25.015876 121.517723  4.21    2166    274
 808     4.2      3714  657.3  5.9  47.5  -4.4 245  10.9 279.7 25.015931 121.517816  4.17    2157    274
 809     2.9      3717  657.0  5.9  47.3  -4.5 245  10.9 279.7 25.015988 121.517907  4.14    2149    274
 810     4.1      3721  656.7  5.8  46.9  -4.6 245  10.9 279.7 25.016041 121.517996  4.11    2140    274
 811     2.8      3724  656.4  5.8  46.7  -4.7 245  10.9 279.7 25.016097 121.518090  4.08    2131    274
 812     3.8      3728  656.1  5.8  46.8  -4.7 245  10.9 279.7 25.016152 121.518189  4.10    2122    275
 813     3.8      3732  655.8  5.8  47.2  -4.6 245  10.9 279.6 25.016176 121.518278  4.12    2113    275
 814     4.1      3736  655.5  5.7  47.2  -4.6 245  10.8 279.6 25.016193 121.518365  4.11    2104    275
 815     3.8      3740  655.3  5.7  46.8  -4.8 245  10.8 279.6 25.016225 121.518462  4.07    2095    275
 816     3.6      3743  655.0  5.7  46.3  -4.9 245  10.8 279.5 25.016268 121.518566  4.02    2085    275
 817     3.1      3746  654.7  5.7  45.4  -5.2 245  10.8 279.5 25.016317 121.518672  3.94    2075    275
 818     3.3      3750  654.4  5.7  44.4  -5.5 245  10.8 279.5 25.016369 121.518777  3.85    2065    275
 819     4.0      3754  654.1  5.6  44.0  -5.6 245  10.8 279.4 25.016420 121.518882  3.81    2055    276
 820     3.5      3757  653.8  5.6  44.8  -5.4 245  10.8 279.4 25.016462 121.518991  3.88    2044    276
 821     3.1      3760  653.5  5.6  46.6  -5.0 245  10.8 279.4 25.016496 121.519104  4.02    2033    276
 822     4.1      3765  653.2  5.5  48.1  -4.6 245  10.8 279.4 25.016527 121.519214  4.14    2022    276
 823     3.9      3768  652.9  5.5  48.1  -4.6 245  10.7 279.4 25.016564 121.519311  4.14    2013    276
 824     2.7      3771  652.6  5.5  47.5  -4.8 245  10.7 279.3 25.016606 121.519399  4.08    2005    276
 825     4.3      3775  652.3  5.5  47.0  -4.9 245  10.7 279.3 25.016649 121.519486  4.03    1997    277
 826     4.3      3780  652.1  5.4  46.5  -5.1 245  10.7 279.3 25.016690 121.519572  3.99    1988    277
 827     3.7      3783  651.8  5.4  45.8  -5.3 245  10.7 279.2 25.016733 121.519663  3.92    1980    277
 828     3.2      3787  651.5  5.4  44.8  -5.6 245  10.6 279.2 25.016773 121.519759  3.83    1971    277
 829     3.5      3790  651.1  5.4  43.9  -5.9 245  10.6 279.2 25.016807 121.519853  3.75    1962    277
 830     4.2      3794  650.8  5.4  42.8  -6.2 245  10.6 279.2 25.016843 121.519939  3.66    1954    277
 831     3.2      3798  650.5  5.4  40.9  -6.8 245  10.6 279.1 25.016880 121.520014  3.50    1947    277
 832     5.0      3803  650.2  5.4  38.5  -7.6 245  10.6 279.1 25.016914 121.520088  3.29    1940    278
 833     4.1      3807  649.9  5.4  36.9  -8.2 245  10.6 279.1 25.016958 121.520193  3.16    1930    278
 834     4.2      3811  649.6  5.4  36.4  -8.4 245  10.5 279.0 25.017003 121.520313  3.11    1919    278
 835     3.9      3815  649.3  5.3  36.1  -8.5 245  10.5 279.0 25.017038 121.520427  3.09    1908    278
 836     3.6      3818  649.0  5.3  36.0  -8.5 245  10.5 279.0 25.017073 121.520530  3.07    1898    278
 837     3.1      3821  648.7  5.3  36.3  -8.4 245  10.5 279.0 25.017112 121.520624  3.10    1889    279
 838     4.3      3826  648.4  5.3  36.9  -8.2 245  10.5 279.0 25.017153 121.520709  3.14    1882    279
 839     3.5      3829  648.1  5.3  37.3  -8.1 245  10.5 279.0 25.017190 121.520792  3.18    1874    279
 840     3.8      3833  647.8  5.2  37.7  -8.0 245  10.5 278.9 25.017228 121.520880  3.20    1866    279
 841     3.9      3837  647.5  5.2  38.1  -7.9 245  10.5 278.9 25.017268 121.520974  3.23    1857    279
 842     4.2      3841  647.2  5.2  38.7  -7.7 245  10.6 278.9 25.017312 121.521071  3.28    1848    279
 843     3.1      3844  646.9  5.1  39.7  -7.4 245  10.6 278.9 25.017356 121.521171  3.36    1839    280
 844     4.1      3848  646.6  5.1  40.9  -7.1 245  10.6 278.8 25.017397 121.521274  3.45    1830    280
 845     4.0      3852  646.3  5.1  42.4  -6.6 245  10.6 278.8 25.017432 121.521376  3.57    1820    280
 846     3.9      3856  646.0  5.0  43.8  -6.3 245  10.6 278.8 25.017458 121.521479  3.68    1810    280
 847     4.4      3860  645.6  5.0  44.4  -6.1 245  10.6 278.8 25.017474 121.521582  3.72    1800    280
 848     3.5      3864  645.3  5.0  44.0  -6.3 245  10.6 278.7 25.017482 121.521684  3.69    1790    280
 849     4.1      3868  645.0  5.0  42.9  -6.6 245  10.6 278.7 25.017484 121.521786  3.59    1780    280
 850     3.7      3872  644.7  4.9  42.1  -6.9 245  10.7 278.7 25.017481 121.521887  3.52    1770    280
 851     3.4      3875  644.5  4.9  42.2  -6.9 245  10.7 278.7 25.017475 121.521988  3.52    1760    280
 852     3.0      3878  644.2  4.9  42.4  -6.8 245  10.7 278.6 25.017466 121.522089  3.54    1750    280
 853     4.2      3882  643.9  4.9  42.2  -6.9 245  10.7 278.6 25.017458 121.522188  3.52    1740    281
 854     3.9      3886  643.6  4.8  42.1  -7.0 245  10.7 278.6 25.017451 121.522287  3.50    1730    281
 855     3.7      3890  643.3  4.8  42.7  -6.8 245  10.8 278.5 25.017446 121.522385  3.54    1720    281
 856     3.7      3894  643.0  4.8  42.9  -6.8 245  10.8 278.5 25.017446 121.522483  3.55    1710    281
 857     4.0      3898  642.7  4.7  42.5  -6.9 245  10.8 278.5 25.017451 121.522579  3.52    1701    281
 858     4.4      3902  642.3  4.7  41.9  -7.2 245  10.8 278.4 25.017464 121.522674  3.46    1692    281
 859     4.5      3906  642.0  4.7  41.8  -7.2 244  10.8 278.4 25.017486 121.522769  3.44    1683    281
 860     3.1      3910  641.7  4.6  42.8  -6.9 244  10.9 278.4 25.017518 121.522862  3.52    1674    281
 861     4.0      3914  641.4  4.6  45.3  -6.2 244  10.9 278.4 25.017562 121.522955  3.72    1666    281
 862     3.5      3917  641.1  4.6  49.0  -5.2 244  10.9 278.4 25.017619 121.523046  4.02    1658    282
 863     4.1      3921  640.8  4.6  52.4  -4.3 244  10.9 278.4 25.017692 121.523136  4.30    1651    282
 864     4.2      3925  640.5  4.5  53.8  -4.0 244  11.0 278.4 25.017780 121.523224  4.41    1644    282
 865     4.3      3930  640.2  4.5  53.7  -4.1 244  11.0 278.4 25.017887 121.523311  4.39    1638    283
 866     3.7      3933  639.9  4.5  53.1  -4.3 244  11.0 278.4 25.018014 121.523397  4.34    1633    283
 867     4.3      3938  639.6  4.5  52.7  -4.4 244  11.0 278.3 25.018161 121.523481  4.30    1629    284
 868     3.1      3941  639.3  4.4  53.0  -4.3 244  11.1 278.3 25.018321 121.523565  4.32    1625    285
 869     4.4      3945  639.0  4.4  53.8  -4.1 244  11.1 278.3 25.018452 121.523650  4.38    1621    285
 870     3.9      3949  638.7  4.4  54.8  -3.9 244  11.1 278.3 25.018547 121.523738  4.45    1615    286
 871     2.7      3952  638.4  4.3  55.8  -3.7 244  11.1 278.2 25.018614 121.523830  4.53    1608    286
 872     4.2      3956  638.1  4.3  56.8  -3.5 244  11.1 278.2 25.018660 121.523925  4.60    1600    286
 873     4.3      3960  637.8  4.3  57.5  -3.4 244  11.2 278.2 25.018694 121.524024  4.65    1591    287
 874     4.1      3964  637.5  4.3  57.6  -3.4 244  11.2 278.2 25.018723 121.524126  4.66    1583    287
 875     3.2      3968  637.2  4.3  57.8  -3.3 244  11.2 278.2 25.018747 121.524227  4.67    1574    287
 876     2.9      3970  636.9  4.2  58.6  -3.2 244  11.2 278.2 25.018779 121.524332  4.73    1565    287
 877     4.6      3975  636.6  4.2  59.6  -2.9 244  11.2 278.2 25.018821 121.524440  4.81    1555    288
 878     3.3      3978  636.3  4.2  60.5  -2.8 244  11.3 278.2 25.018867 121.524551  4.87    1546    288
 879     4.0      3982  636.0  4.2  61.1  -2.7 244  11.3 278.1 25.018914 121.524659  4.92    1538    288
 880     3.6      3986  635.7  4.1  61.6  -2.6 244  11.3 278.1 25.018962 121.524764  4.95    1529    288
 881     4.1      3990  635.4  4.1  61.7  -2.6 244  11.3 278.1 25.019011 121.524868  4.95    1521    289
 882     3.6      3994  635.1  4.1  61.7  -2.6 244  11.3 278.1 25.019061 121.524971  4.94    1513    289
 883     4.3      3998  634.8  4.1  62.1  -2.5 244  11.3 278.1 25.019108 121.525069  4.97    1505    289
 884     3.7      4002  634.5  4.0  62.9  -2.4 244  11.3 278.0 25.019155 121.525167  5.03    1498    290
 885     3.8      4006  634.2  4.0  63.5  -2.3 244  11.3 278.0 25.019202 121.525264  5.08    1490    290
 886     3.9      4010  633.9  4.0  63.9  -2.2 244  11.3 278.0 25.019249 121.525362  5.11    1483    290
 887     3.6      4013  633.6  4.0  64.4  -2.1 244  11.3 278.0 25.019296 121.525460  5.14    1475    291
 888     3.6      4017  633.3  4.0  65.0  -2.0 244  11.3 278.0 25.019343 121.525558  5.18    1468    291
 889     4.2      4021  633.0  3.9  66.0  -1.8 244  11.3 278.0 25.019390 121.525655  5.26    1461    291
 890     3.2      4024  632.7  3.9  67.9  -1.5 244  11.3 278.0 25.019437 121.525753  5.41    1453    292
 891     4.0      4028  632.4  3.9  70.5  -1.0 244  11.4 278.0 25.019483 121.525851  5.61    1446    292
 892     4.1      4032  632.1  3.9  72.7  -0.6 244  11.4 278.0 25.019530 121.525949  5.77    1439    292
 893     3.7      4036  631.8  3.8  73.3  -0.5 244  11.4 278.0 25.019577 121.526047  5.81    1432    293
 894     3.9      4040  631.6  3.8  73.0  -0.6 244  11.4 277.9 25.019624 121.526144  5.78    1425    293
 895     3.6      4043  631.3  3.8  72.7  -0.7 244  11.4 277.9 25.019671 121.526242  5.74    1418    293
 896     3.2      4047  631.0  3.8  72.4  -0.7 244  11.4 277.9 25.019718 121.526340  5.72    1411    294
 897     4.6      4051  630.6  3.7  72.6  -0.7 244  11.4 277.8 25.019766 121.526438  5.72    1404    294
 898     4.4      4056  630.3  3.7  72.8  -0.7 244  11.4 277.8 25.019813 121.526536  5.73    1397    294
 899     4.1      4060  630.0  3.7  73.1  -0.7 244  11.4 277.8 25.019860 121.526634  5.75    1390    295
 900     3.6      4063  629.7  3.6  73.6  -0.6 244  11.4 277.8 25.019907 121.526732  5.78    1383    295
 901     3.7      4067  629.4  3.6  74.6  -0.5 244  11.4 277.7 25.019954 121.526830  5.85    1377    296
 902     4.1      4071  629.1  3.6  75.7  -0.3 244  11.4 277.7 25.020001 121.526928  5.92    1370    296
 903     3.5      4075  628.8  3.5  76.4  -0.2 244  11.4 277.7 25.020048 121.527026  5.96    1363    296
 904     3.8      4078  628.5  3.5  76.6  -0.2 244  11.4 277.7 25.020096 121.527125  5.97    1357    297
 905     4.4      4083  628.3  3.5  76.8  -0.2 244  11.4 277.6 25.020143 121.527223  5.97    1350    297
 906     4.2      4087  628.0  3.4  77.2  -0.2 244  11.4 277.6 25.020190 121.527321  5.99    1344    297
 907     2.9      4090  627.7  3.4  77.5  -0.1 244  11.4 277.6 25.020237 121.527419  6.01    1338    298
 908     3.3      4093  627.4  3.4  77.8  -0.1 244  11.4 277.5 25.020285 121.527518  6.02    1331    298
 909     4.0      4097  627.1  3.3  78.3  -0.1 244  11.4 277.5 25.020332 121.527616  6.04    1325    299
 910     2.8      4100  626.8  3.3  78.8   0.0 244  11.4 277.5 25.020380 121.527715  6.07    1319    299
 911     4.6      4105  626.5  3.3  78.8  -0.1 244  11.4 277.4 25.020427 121.527813  6.06    1313    300
 912     3.5      4108  626.2  3.2  77.9  -0.2 245  11.4 277.4 25.020475 121.527912  5.99    1307    300
 913     4.4      4112  625.9  3.2  76.6  -0.5 245  11.4 277.4 25.020522 121.528010  5.88    1301    300
 914     3.7      4116  625.6  3.2  75.3  -0.7 245  11.4 277.3 25.020570 121.528109  5.77    1295    301
 915     4.0      4120  625.3  3.2  74.8  -0.8 245  11.4 277.3 25.020618 121.528208  5.73    1289    301
 916     4.1      4124  625.1  3.2  75.3  -0.8 245  11.4 277.3 25.020665 121.528307  5.76    1283    302
 917     3.7      4128  624.8  3.1  75.9  -0.7 245  11.4 277.3 25.020713 121.528406  5.80    1278    302
 918     3.1      4131  624.5  3.1  76.1  -0.7 245  11.4 277.2 25.020761 121.528505  5.80    1272    303
 919     3.9      4135  624.2  3.1  75.7  -0.8 245  11.4 277.2 25.020809 121.528604  5.76    1266    303
 920     3.5      4138  623.9  3.0  75.1  -0.9 245  11.4 277.1 25.020857 121.528703  5.70    1261    303
 921     5.1      4144  623.6  3.0  74.7  -1.0 245  11.5 277.1 25.020905 121.528802  5.67    1256    304
 922     3.6      4147  623.3  3.0  74.8  -1.1 245  11.5 277.1 25.020953 121.528901  5.66    1250    304
 923     3.5      4151  623.0  2.9  75.0  -1.0 245  11.5 277.0 25.021001 121.529001  5.67    1245    305
 924     4.5      4155  622.7  2.9  74.8  -1.1 245  11.5 277.0 25.021049 121.529100  5.64    1240    305
 925     4.2      4159  622.4  2.9  74.1  -1.3 245  11.5 277.0 25.021097 121.529200  5.58    1235    306
 926     3.7      4163  622.0  2.9  72.9  -1.5 245  11.5 276.9 25.021145 121.529299  5.48    1230    306
 927     3.2      4166  621.7  2.8  70.9  -1.9 245  11.5 276.9 25.021194 121.529399  5.33    1225    307
 928     4.6      4171  621.4  2.8  68.5  -2.4 245  11.5 276.8 25.021242 121.529499  5.15    1220    307
 929     4.2      4175  621.1  2.8  67.1  -2.7 245  11.5 276.8 25.021291 121.529599  5.03    1215    308
 930     4.4      4179  620.8  2.8  66.4  -2.8 245  11.5 276.8 25.021339 121.529699  4.98    1211    308
 931     3.6      4183  620.5  2.8  65.2  -3.1 245  11.5 276.7 25.021388 121.529799  4.88    1206    309
 932     3.9      4187  620.2  2.7  64.0  -3.4 245  11.5 276.7 25.021436 121.529899  4.78    1202    309
 933     4.8      4192  619.9  2.7  62.7  -3.7 245  11.5 276.7 25.021485 121.529999  4.68    1197    310
 934     4.4      4196  619.6  2.7  60.8  -4.1 245  11.5 276.6 25.021534 121.530100  4.54    1193    310
 935     3.0      4199  619.3  2.7  58.5  -4.6 245  11.5 276.6 25.021583 121.530200  4.37    1189    311
 936     3.5      4203  619.0  2.7  57.3  -4.9 245  11.5 276.6 25.021632 121.530301  4.27    1185    311
 937     4.5      4207  618.7  2.7  57.6  -4.8 245  11.5 276.6 25.021681 121.530401  4.30    1181    312
 938     3.9      4211  618.4  2.6  58.6  -4.6 245  11.5 276.5 25.021730 121.530502  4.36    1177    312
 939     3.7      4215  618.1  2.6  59.1  -4.6 245  11.5 276.5 25.021779 121.530603  4.39    1173    313
 940     3.6      4218  617.8  2.6  59.2  -4.6 245  11.5 276.5 25.021829 121.530704  4.39    1169    313
 941     3.9      4222  617.5  2.6  59.2  -4.6 245  11.5 276.4 25.021878 121.530805  4.38    1165    314
 942     4.1      4226  617.2  2.5  58.2  -4.8 245  11.5 276.4 25.021927 121.530907  4.30    1162    314
 943     3.2      4229  616.9  2.5  56.8  -5.2 245  11.5 276.4 25.021977 121.531008  4.19    1158    315
 944     3.7      4233  616.6  2.5  55.8  -5.4 245  11.5 276.3 25.022027 121.531109  4.12    1155    316
 945     3.9      4237  616.3  2.5  55.4  -5.6 245  11.5 276.3 25.022076 121.531211  4.08    1152    316
 946     4.1      4241  616.0  2.5  55.1  -5.6 245  11.6 276.3 25.022126 121.531313  4.06    1149    317
 947     4.3      4246  615.7  2.4  55.0  -5.7 245  11.6 276.3 25.022176 121.531415  4.05    1146    317
 948     3.7      4249  615.4  2.4  54.9  -5.7 245  11.6 276.2 25.022226 121.531517  4.03    1143    318
 949     4.2      4253  615.1  2.4  55.0  -5.8 245  11.6 276.2 25.022276 121.531619  4.03    1140    318
 950     4.3      4258  614.8  2.3  55.4  -5.7 245  11.6 276.2 25.022326 121.531721  4.05    1138    319
 951     3.9      4262  614.5  2.3  56.4  -5.5 245  11.6 276.1 25.022377 121.531824  4.12    1135    319
 952     3.3      4265  614.2  2.3  57.5  -5.3 245  11.6 276.1 25.022427 121.531926  4.19    1133    320
 953     4.1      4269  614.0  2.2  57.5  -5.3 245  11.6 276.1 25.022478 121.532029  4.19    1130    321
 954     3.2      4272  613.7  2.2  56.3  -5.6 245  11.6 276.0 25.022528 121.532132  4.09    1128    321
 955     3.8      4276  613.4  2.2  54.6  -6.0 245  11.6 276.0 25.022579 121.532235  3.97    1126    322
 956     4.0      4280  613.1  2.2  53.1  -6.4 245  11.6 276.0 25.022630 121.532338  3.86    1124    322
 957     4.6      4285  612.7  2.2  52.6  -6.5 245  11.6 276.0 25.022681 121.532441  3.82    1122    323
 958     3.6      4288  612.4  2.2  53.0  -6.4 245  11.6 275.9 25.022732 121.532545  3.84    1121    324
 959     5.0      4293  612.1  2.1  53.6  -6.3 245  11.6 275.9 25.022783 121.532648  3.88    1119    324
 960     4.4      4298  611.8  2.1  54.1  -6.2 245  11.6 275.9 25.022834 121.532752  3.92    1118    325
 961     4.4      4302  611.5  2.1  54.6  -6.1 245  11.6 275.9 25.022886 121.532856  3.95    1116    325
 962     4.6      4307  611.1  2.1  55.2  -6.0 245  11.6 275.9 25.022937 121.532960  3.99    1115    326
 963     3.7      4310  610.8  2.0  55.7  -5.9 245  11.6 275.9 25.022989 121.533064  4.02    1114    327
 964     3.5      4314  610.5  2.0  56.4  -5.7 245  11.6 275.8 25.023041 121.533169  4.07    1113    327
 965     3.8      4318  610.2  2.0  57.0  -5.6 245  11.6 275.8 25.023092 121.533273  4.10    1112    328
 966     4.4      4322  609.9  2.0  56.3  -5.8 245  11.7 275.8 25.023144 121.533378  4.05    1111    329
 967     4.2      4326  609.6  2.0  55.1  -6.1 245  11.7 275.8 25.023196 121.533483  3.96    1111    329
 968     3.3      4330  609.4  2.0  54.1  -6.3 245  11.7 275.8 25.023249 121.533588  3.90    1111    330
 969     3.6      4333  609.1  2.0  54.0  -6.4 245  11.7 275.8 25.023301 121.533693  3.89    1110    330
 970     3.4      4337  608.8  2.0  54.1  -6.3 245  11.7 275.8 25.023353 121.533798  3.89    1110    331
 971     4.5      4341  608.5  2.0  54.1  -6.3 245  11.7 275.8 25.023406 121.533904  3.90    1110    332
 972     4.5      4346  608.2  2.0  54.0  -6.4 245  11.7 275.8 25.023459 121.534010  3.89    1110    332
 973     3.0      4349  607.9  2.0  53.5  -6.5 245  11.7 275.8 25.023512 121.534116  3.86    1111    333
 974     3.5      4352  607.6  2.0  53.3  -6.5 245  11.7 275.8 25.023565 121.534222  3.85    1111    334
 975     3.7      4356  607.4  2.0  53.5  -6.5 245  11.7 275.8 25.023618 121.534328  3.86    1112    334
 976     4.3      4360  607.1  2.0  54.0  -6.4 245  11.7 275.8 25.023671 121.534435  3.90    1112    335
 977     3.3      4363  606.8  2.0  54.2  -6.3 245  11.7 275.8 25.023724 121.534541  3.91    1113    335
 978     3.0      4366  606.6  2.0  53.9  -6.4 245  11.7 275.8 25.023778 121.534648  3.90    1114    336
 979     4.2      4371  606.3  2.0  53.0  -6.6 245  11.7 275.8 25.023832 121.534755  3.83    1115    337
 980     3.9      4374  606.0  2.0  51.2  -7.0 245  11.7 275.7 25.023886 121.534863  3.71    1116    337
 981     3.4      4378  605.7  2.0  49.4  -7.5 245  11.7 275.7 25.023940 121.534970  3.58    1118    338
 982     3.1      4381  605.5  2.0  48.2  -7.8 245  11.7 275.7 25.023994 121.535078  3.50    1119    339
 983     4.0      4385  605.2  2.0  47.5  -8.0 245  11.8 275.7 25.024048 121.535186  3.44    1121    339
 984     4.0      4389  604.9  2.0  46.3  -8.3 245  11.8 275.7 25.024102 121.535294  3.36    1123    340
 985     3.9      4393  604.6  2.0  44.3  -8.9 245  11.8 275.7 25.024157 121.535402  3.22    1125    340
 986     3.5      4396  604.3  2.0  42.1  -9.5 245  11.8 275.7 25.024212 121.535510  3.06    1127    341
 987     4.1      4400  604.0  2.0  40.2 -10.1 245  11.8 275.6 25.024266 121.535619  2.93    1129    342
 988     4.9      4405  603.7  2.0  38.9 -10.5 245  11.8 275.7 25.024321 121.535728  2.84    1132    342
 989     5.2      4410  603.4  2.1  37.7 -10.9 245  11.8 275.7 25.024375 121.535836  2.75    1134    343
 990     2.9      4413  603.1  2.1  36.5 -11.3 245  11.8 275.7 25.024424 121.535938  2.67    1136    344
 991     3.5      4417  602.8  2.1  35.4 -11.6 245  11.8 275.7 25.024472 121.536035  2.60    1139    344
 992     4.3      4421  602.5  2.1  34.2 -12.0 245  11.8 275.7 25.024524 121.536131  2.51    1142    345
 993     3.0      4424  602.2  2.1  33.4 -12.3 245  11.8 275.7 25.024572 121.536238  2.45    1144    345
 994     4.2      4428  601.9  2.2  33.0 -12.5 245  11.8 275.7 25.024618 121.536346  2.43    1146    346
 995     3.9      4432  601.6  2.2  32.6 -12.6 245  11.8 275.7 25.024662 121.536457  2.40    1148    346
 996     4.2      4436  601.3  2.2  31.8 -12.9 245  11.8 275.7 25.024703 121.536570  2.35    1150    347
 997     4.4      4441  601.0  2.2  30.6 -13.3 245  11.9 275.7 25.024744 121.536685  2.26    1152    348
 998     4.0      4445  600.7  2.2  29.8 -13.7 244  11.9 275.7 25.024779 121.536797  2.21    1153    348
 999     4.0      4449  600.5  2.2  30.4 -13.4 244  11.9 275.8 25.024813 121.536908  2.25    1155    349
1000     3.1      4452  600.2  2.2  33.0 -12.4 244  11.9 275.8 25.024848 121.537019  2.45    1156    349
1001     3.9      4456  599.9  2.2  37.6 -10.8 244  11.9 275.9 25.024882 121.537130  2.80    1158    350
1002     3.7      4460  599.6  2.2  42.8  -9.1 244  11.9 275.9 25.024917 121.537241  3.18    1160    351
1003     4.6      4464  599.3  2.2  46.8  -8.0 244  11.9 275.9 25.024952 121.537352  3.48    1162    351
1004     3.0      4467  599.0  2.2  48.0  -7.7 244  11.9 275.9 25.024986 121.537463  3.56    1164    352
1005     4.7      4472  598.7  2.2  47.0  -8.0 244  11.9 275.9 25.025021 121.537574  3.48    1166    352
1006     3.5      4475  598.4  2.1  45.2  -8.5 244  11.9 275.9 25.025056 121.537685  3.35    1169    353
1007     4.4      4480  598.2  2.1  43.2  -9.1 244  11.9 275.8 25.025091 121.537796  3.21    1171    353
1008     2.9      4483  597.9  2.1  41.1  -9.7 244  12.0 275.8 25.025125 121.537907  3.04    1174    354
1009     4.3      4487  597.6  2.1  39.2 -10.3 244  12.0 275.8 25.025160 121.538018  2.91    1177    355
1010     3.2      4490  597.3  2.1  38.1 -10.7 244  12.0 275.8 25.025195 121.538129  2.83    1180    355
1011     4.7      4495  597.0  2.1  37.8 -10.8 244  12.0 275.7 25.025230 121.538240  2.81    1182    356
1012     3.4      4498  596.7  2.1  38.0 -10.7 244  12.0 275.7 25.025265 121.538351  2.81    1186    356
1013     3.9      4502  596.4  2.1  38.3 -10.7 244  12.0 275.7 25.025300 121.538462  2.83    1189    357
1014     4.3      4506  596.2  2.1  38.6 -10.5 244  12.0 275.7 25.025336 121.538573  2.86    1192    357
1015     4.1      4511  595.9  2.1  38.8 -10.5 244  12.0 275.7 25.025371 121.538684  2.88    1196    358
1016     4.3      4515  595.6  2.1  38.5 -10.6 244  12.0 275.7 25.025406 121.538795  2.85    1199    358
1017     3.0      4518  595.3  2.1  37.1 -11.1 244  12.0 275.7 25.025442 121.538906  2.75    1203    359
1018     3.0      4521  595.0  2.1  35.2 -11.7 244  12.0 275.7 25.025477 121.539017  2.61    1207    359
1019     4.1      4525  594.8  2.1  34.1 -12.1 244  12.1 275.7 25.025513 121.539128  2.53    1210     40
1020     3.6      4529  594.5  2.1  33.7 -12.3 244  12.1 275.7 25.025548 121.539240  2.50    1214      1
1021     3.8      4532  594.2  2.1  33.2 -12.4 244  12.1 275.6 25.025584 121.539351  2.46    1219      1
1022     3.9      4536  593.9  2.1  32.4 -12.8 244  12.1 275.6 25.025620 121.539462  2.40    1223      2
1023     4.0      4540  593.7  2.1  31.4 -13.1 244  12.1 275.6 25.025656 121.539573  2.33    1227      2
1024     3.8      4544  593.4  2.1  30.6 -13.5 244  12.1 275.6 25.025692 121.539684  2.27    1232      3
1025     3.8      4548  593.1  2.1  29.6 -13.8 243  12.1 275.6 25.025728 121.539796  2.20    1236      3
1026     3.4      4551  592.8  2.1  28.7 -14.2 243  12.1 275.6 25.025765 121.539907  2.14    1241      4
1027     4.4      4556  592.5  2.1  28.7 -14.2 243  12.1 275.6 25.025801 121.540018  2.14    1246      4
1028     3.4      4559  592.2  2.1  29.4 -13.9 243  12.1 275.6 25.025838 121.540130  2.19    1251      5
1029     4.1      4563  592.0  2.1  30.3 -13.6 243  12.1 275.6 25.025875 121.540241  2.26    1256      5
1030     4.3      4568  591.7  2.1  30.8 -13.4 243  12.2 275.6 25.025912 121.540352  2.30    1261      6
1031     4.0      4572  591.4  2.1  31.0 -13.3 243  12.2 275.6 25.025949 121.540464  2.31    1266      6
1032     3.4      4575  591.1  2.0  31.0 -13.3 243  12.2 275.6 25.025986 121.540575  2.30    1271      7
1033     3.2      4578  590.8  2.0  30.9 -13.4 243  12.2 275.6 25.026023 121.540687  2.30    1277      7
1034     3.9      4582  590.6  2.0  31.0 -13.4 243  12.2 275.5 25.026061 121.540798  2.30    1282      8
1035     4.0      4586  590.3  2.0  31.2 -13.3 243  12.2 275.5 25.026098 121.540910  2.31    1288      8
1036     4.4      4590  590.0  1.9  31.3 -13.3 243  12.2 275.5 25.026136 121.541021  2.32    1294      9
1037     3.3      4594  589.7  1.9  31.6 -13.2 243  12.2 275.4 25.026174 121.541133  2.33    1300      9
1038     4.4      4598  589.4  1.9  32.1 -13.1 243  12.2 275.4 25.026213 121.541244  2.36    1306      9
1039     3.7      4602  589.1  1.8  32.9 -12.8 243  12.2 275.4 25.026251 121.541356  2.42    1312     10
1040     4.4      4606  588.9  1.8  34.2 -12.3 243  12.3 275.4 25.026290 121.541468  2.51    1318     10
1041     4.2      4610  588.6  1.8  35.5 -11.9 243  12.3 275.3 25.026328 121.541579  2.60    1324     11
1042     3.0      4613  588.3  1.7  36.3 -11.6 243  12.3 275.3 25.026367 121.541691  2.66    1331     11
1043     3.1      4616  588.0  1.7  36.8 -11.5 243  12.3 275.3 25.026406 121.541803  2.69    1337     12
1044     4.5      4621  587.7  1.7  37.4 -11.3 243  12.3 275.3 25.026446 121.541915  2.73    1344     12
1045     3.1      4624  587.5  1.6  38.3 -11.1 243  12.3 275.2 25.026485 121.542027  2.79    1350     13
1046     4.0      4628  587.2  1.6  39.5 -10.7 243  12.3 275.2 25.026525 121.542139  2.87    1357     13
1047     4.2      4632  586.9  1.5  40.7 -10.4 242  12.3 275.2 25.026565 121.542251  2.95    1364     13
1048     5.0      4637  586.6  1.5  41.5 -10.2 242  12.3 275.1 25.026605 121.542363  3.00    1371     14
1049     3.8      4641  586.3  1.5  41.8 -10.1 242  12.4 275.1 25.026646 121.542475  3.01    1378     14
1050     3.0      4644  586.0  1.4  41.4 -10.2 242  12.4 275.1 25.026686 121.542587  2.99    1385     15
1051     4.3      4648  585.7  1.4  40.8 -10.4 242  12.4 275.1 25.026727 121.542699  2.94    1393     15
1052     4.1      4653  585.5  1.4  40.2 -10.6 242  12.4 275.1 25.026769 121.542811  2.89    1400     15
1053     4.0      4656  585.2  1.4  39.7 -10.8 242  12.4 275.1 25.026810 121.542923  2.86    1408     16
1054     3.9      4660  584.9  1.4  39.5 -10.9 242  12.4 275.0 25.026852 121.543036  2.84    1415     16
1055     3.8      4664  584.6  1.4  39.2 -11.0 242  12.4 275.0 25.026893 121.543148  2.82    1423     17
1056     4.1      4668  584.3  1.4  39.0 -11.0 242  12.4 275.0 25.026936 121.543260  2.81    1431     17
1057     3.2      4671  584.1  1.4  39.1 -11.0 242  12.4 275.0 25.026978 121.543373  2.82    1438     17
1058     3.7      4675  583.8  1.4  39.2 -11.0 242  12.5 275.0 25.027021 121.543485  2.83    1446     18
1059     3.8      4679  583.5  1.4  39.3 -11.0 242  12.5 275.0 25.027064 121.543598  2.83    1454     18
1060     3.8      4683  583.3  1.4  39.2 -11.0 242  12.5 275.0 25.027107 121.543710  2.82    1462     18
1061     3.4      4686  583.0  1.4  38.7 -11.2 242  12.5 275.0 25.027150 121.543823  2.78    1471     19
1062     3.9      4690  582.7  1.4  37.5 -11.6 242  12.5 275.0 25.027194 121.543936  2.70    1479     19
1063     3.5      4694  582.4  1.4  35.9 -12.1 242  12.5 275.0 25.027238 121.544048  2.59    1487     20
1064     4.4      4698  582.1  1.4  34.3 -12.7 242  12.5 274.9 25.027283 121.544161  2.48    1496     20
1065     4.3      4702  581.9  1.4  32.8 -13.2 242  12.5 274.9 25.027327 121.544274  2.37    1504     20
1066     3.8      4706  581.6  1.4  32.5 -13.3 241  12.5 274.9 25.027372 121.544387  2.35    1513     21
1067     3.7      4710  581.3  1.4  34.3 -12.7 241  12.6 274.9 25.027418 121.544500  2.48    1522     21
1068     4.2      4714  581.0  1.3  37.3 -11.6 241  12.6 274.9 25.027463 121.544613  2.69    1531     21
1069     3.3      4717  580.8  1.3  41.3 -10.4 241  12.6 275.0 25.027509 121.544726  2.97    1540     22
1070     4.3      4721  580.5  1.3  47.1  -8.8 241  12.6 275.0 25.027555 121.544839  3.39    1548     22
1071     3.0      4725  580.2  1.2  52.0  -7.6 241  12.6 275.0 25.027602 121.544952  3.72    1558     22
1072     3.7      4728  580.0  1.2  53.4  -7.3 241  12.6 274.9 25.027649 121.545066  3.82    1567     23
1073     3.3      4732  579.7  1.1  53.0  -7.4 241  12.6 274.9 25.027696 121.545179  3.78    1576     23
1074     4.7      4736  579.4  1.1  52.0  -7.7 241  12.7 274.9 25.027744 121.545292  3.70    1585     23
1075     3.1      4739  579.2  1.1  50.6  -8.0 241  12.7 274.8 25.027791 121.545406  3.60    1595     23
1076     3.8      4743  578.9  1.0  48.9  -8.5 241  12.7 274.8 25.027840 121.545519  3.48    1604     24
1077     3.5      4747  578.7  1.0  47.1  -9.0 241  12.7 274.7 25.027888 121.545633  3.34    1614     24
1078     2.8      4749  578.4  1.0  45.4  -9.5 241  12.7 274.7 25.027937 121.545747  3.22    1623     24
1079     3.7      4753  578.2  1.0  43.6 -10.0 241  12.7 274.7 25.027986 121.545860  3.10    1633     25
1080     3.4      4757  577.9  1.0  41.0 -10.8 241  12.7 274.7 25.028036 121.545974  2.91    1643     25
1081     2.7      4759  577.7  1.0  36.9 -12.1 241  12.8 274.6 25.028086 121.546088  2.62    1653     25
1082     4.3      4764  577.4  1.1  33.4 -13.3 240  12.8 274.6 25.028137 121.546202  2.38    1663     25
1083     3.7      4767  577.1  1.1  32.3 -13.7 240  12.8 274.6 25.028187 121.546316  2.30    1673     26
1084     3.5      4771  576.9  1.1  32.8 -13.5 240  12.8 274.6 25.028239 121.546430  2.33    1683     26
1085     3.9      4775  576.6  1.0  33.5 -13.3 240  12.8 274.6 25.028290 121.546544  2.38    1693     26
1086     3.8      4778  576.3  1.0  33.7 -13.2 240  12.8 274.6 25.028342 121.546658  2.39    1704     27
1087     4.4      4783  576.1  1.0  33.5 -13.3 240  12.8 274.5 25.028394 121.546773  2.37    1714     27
1088     3.5      4786  575.8  1.0  33.0 -13.5 240  12.9 274.5 25.028447 121.546887  2.34    1724     27
1089     4.0      4790  575.5  0.9  32.5 -13.7 240  12.9 274.5 25.028500 121.547002  2.30    1735     27
1090     4.6      4795  575.2  0.9  32.3 -13.8 240  12.9 274.5 25.028554 121.547116  2.28    1745     28
1091     3.3      4798  574.9  0.9  33.1 -13.5 240  12.9 274.4 25.028608 121.547231  2.34    1756     28
1092     3.5      4802  574.7  0.9  35.8 -12.6 240  12.9 274.4 25.028662 121.547345  2.53    1767     28
1093     3.9      4806  574.4  0.8  40.3 -11.1 240  12.9 274.5 25.028717 121.547460  2.84    1778     28
1094     3.7      4809  574.1  0.8  45.5  -9.7 240  13.0 274.5 25.028772 121.547575  3.20    1789     28
1095     4.0      4813  573.9  0.7  50.6  -8.4 239  13.0 274.5 25.028828 121.547690  3.54    1800     29
1096     4.0      4817  573.6  0.7  54.4  -7.5 239  13.0 274.4 25.028884 121.547805  3.79    1811     29
1097     2.8      4820  573.3  0.6  56.6  -7.0 239  13.0 274.4 25.028940 121.547920  3.93    1822     29
1098     4.4      4825  573.1  0.6  57.8  -6.8 239  13.0 274.4 25.028997 121.548035  4.01    1833     29
1099     4.2      4829  572.8  0.5  58.9  -6.6 239  13.0 274.3 25.029055 121.548151  4.07    1844     30
1100     3.0      4832  572.5  0.5  59.8  -6.4 239  13.1 274.3 25.029113 121.548266  4.13    1856     30
1101     3.6      4835  572.3  0.4  61.1  -6.2 239  13.1 274.3 25.029171 121.548381  4.21    1867     30
1102     3.4      4839  572.0  0.4  61.9  -6.0 239  13.1 274.3 25.029230 121.548497  4.26    1878     30
1103     3.5      4842  571.8  0.4  61.9  -6.1 239  13.1 274.2 25.029289 121.548613  4.24    1890     30
1104     4.1      4846  571.5  0.3  60.9  -6.3 239  13.1 274.2 25.029349 121.548728  4.17    1902     31
1105     4.0      4851  571.2  0.3  59.5  -6.7 239  13.1 274.1 25.029409 121.548844  4.06    1913     31
1106     3.1      4854  571.0  0.3  57.9  -7.0 238  13.2 274.1 25.029470 121.548960  3.95    1925     31
1107     4.2      4858  570.7  0.3  57.0  -7.3 238  13.2 274.1 25.029531 121.549076  3.89    1937     31
1108     3.6      4861  570.4  0.2  55.6  -7.6 238  13.2 274.0 25.029593 121.549192  3.79    1949     31
1109     4.6      4866  570.2  0.2  52.7  -8.3 238  13.2 274.0 25.029655 121.549308  3.59    1961     32
1110     3.6      4870  569.9  0.2  50.7  -8.8 238  13.2 273.9 25.029717 121.549425  3.45    1973     32
1111     3.1      4873  569.6  0.2  49.8  -9.0 238  13.3 273.9 25.029780 121.549541  3.39    1985     32
1112     2.9      4876  569.4  0.2  47.9  -9.6 238  13.3 273.9 25.029844 121.549657  3.25    1997     32
1113     3.7      4879  569.1  0.2  44.0 -10.7 238  13.3 273.8 25.029908 121.549774  2.99    2010     32
1114     4.7      4884  568.8  0.2  40.8 -11.6 238  13.3 273.8 25.029973 121.549891  2.77    2022     33
1115     3.9      4888  568.5  0.2  39.7 -11.9 238  13.3 273.8 25.030038 121.550007  2.69    2035     33
1116     4.5      4892  568.3  0.1  39.4 -12.0 238  13.4 273.7 25.030105 121.550124  2.68    2047     33
1117     3.8      4896  568.0  0.1  39.3 -12.1 237  13.4 273.7 25.030176 121.550242  2.66    2060     33
1118     3.2      4899  567.7  0.1  38.8 -12.3 237  13.4 273.7 25.030243 121.550355  2.62    2073     33
1119     4.2      4904  567.4  0.1  37.3 -12.8 237  13.4 273.6 25.030306 121.550467  2.52    2085     33
1120     4.0      4908  567.1  0.0  35.3 -13.5 237  13.5 273.6 25.030367 121.550579  2.38    2097     33
1121     4.7      4912  566.9  0.0  33.6 -14.1 237  13.5 273.6 25.030432 121.550695  2.27    2109     34
1122     3.8      4916  566.6  0.0  33.2 -14.3 237  13.5 273.5 25.030501 121.550811  2.23    2122     34
1123     3.7      4920  566.3  0.0  33.9 -14.0 237  13.5 273.5 25.030571 121.550926  2.28    2135     34
1124     3.1      4923  566.1  0.0  36.3 -13.2 237  13.6 273.5 25.030641 121.551039  2.44    2148     34
1125     3.1      4926  565.8 -0.1  40.1 -12.0 237  13.6 273.5 25.030711 121.551152  2.69    2161     34
1126     4.0      4930  565.5 -0.2  44.7 -10.7 236  13.6 273.5 25.030781 121.551263  2.98    2173     34
1127     3.9      4934  565.3 -0.2  48.9  -9.7 236  13.6 273.5 25.030851 121.551374  3.25    2186     34
1128     4.0      4938  565.0 -0.3  52.4  -8.8 236  13.7 273.5 25.030921 121.551484  3.47    2199     35
1129     3.6      4941  564.8 -0.3  56.0  -8.0 236  13.7 273.4 25.030992 121.551594  3.70    2212     35
1130     4.2      4946  564.5 -0.4  60.9  -7.0 236  13.7 273.4 25.031062 121.551704  4.01    2224     35
1131     3.5      4949  564.2 -0.5  66.9  -5.9 236  13.7 273.4 25.031133 121.551814  4.38    2237     35
1132     3.4      4952  564.0 -0.5  71.7  -5.0 236  13.8 273.4 25.031204 121.551924  4.67    2250     35
1133     4.2      4957  563.7 -0.6  73.6  -4.7 236  13.8 273.3 25.031276 121.552035  4.78    2263     35
1134     3.9      4961  563.4 -0.7  74.1  -4.7 235  13.8 273.3 25.031347 121.552146  4.79    2276     35
1135     3.7      4964  563.1 -0.7  74.5  -4.7 235  13.8 273.3 25.031419 121.552259  4.81    2289     35
1136     4.2      4969  562.8 -0.7  74.9  -4.6 235  13.9 273.2 25.031491 121.552372  4.82    2302     36
1137     4.3      4973  562.6 -0.8  75.4  -4.6 235  13.9 273.2 25.031564 121.552487  4.84    2315     36
1138     4.1      4977  562.3 -0.8  76.1  -4.5 235  13.9 273.1 25.031638 121.552604  4.87    2329     36
1139     3.4      4980  562.0 -0.9  76.3  -4.5 235  13.9 273.1 25.031711 121.552722  4.87    2342     36
1140     4.7      4985  561.7 -0.9  76.0  -4.6 235  14.0 273.1 25.031786 121.552842  4.84    2356     36
1141     3.5      4988  561.5 -0.9  75.7  -4.7 235  14.0 273.0 25.031860 121.552961  4.82    2370     36
1142     3.9      4992  561.2 -0.9  75.7  -4.7 235  14.0 273.0 25.031936 121.553080  4.81    2384     36
1143     3.5      4996  560.9 -1.0  76.0  -4.7 235  14.0 273.0 25.032014 121.553197  4.82    2398     36
1144     4.1      5000  560.7 -1.0  76.5  -4.6 235  14.0 272.9 25.032096 121.553313  4.84    2412     36
1145     3.0      5003  560.4 -1.0  76.9  -4.6 235  14.0 272.9 25.032177 121.553427  4.86    2426     37
1146     3.8      5007  560.2 -1.1  77.4  -4.5 234  14.0 272.9 25.032257 121.553540  4.88    2440     37
1147     3.9      5011  559.9 -1.1  78.1  -4.4 234  14.1 272.9 25.032334 121.553649  4.92    2454     37
1148     3.2      5014  559.7 -1.1  78.9  -4.3 234  14.1 272.8 25.032405 121.553757  4.95    2466     37
1149     3.1      5017  559.4 -1.2  79.8  -4.2 234  14.1 272.8 25.032473 121.553866  5.00    2479     37
1150     4.1      5021  559.2 -1.2  80.8  -4.1 234  14.1 272.8 25.032542 121.553975  5.04    2492     37
1151     3.8      5025  558.9 -1.3  81.3  -4.0 234  14.1 272.7 25.032612 121.554086  5.07    2505     37
1152     3.8      5029  558.6 -1.3  81.1  -4.1 234  14.1 272.7 25.032684 121.554199  5.04    2518     37
1153     3.9      5033  558.4 -1.3  80.3  -4.3 234  14.1 272.7 25.032759 121.554315  4.98    2532     37
1154     3.5      5036  558.1 -1.3  79.0  -4.5 234  14.1 272.6 25.032835 121.554434  4.90    2546     37
1155     4.4      5040  557.8 -1.4  77.4  -4.8 234  14.1 272.6 25.032910 121.554558  4.79    2560     38
1156     3.3      5044  557.6 -1.4  76.2  -5.0 234  14.1 272.5 25.032986 121.554687  4.71    2575     38
1157     3.9      5048  557.3 -1.4  75.3  -5.2 234  14.1 272.5 25.033062 121.554818  4.65    2589     38
1158     3.1      5051  557.1 -1.4  74.7  -5.3 234  14.1 272.5 25.033136 121.554946  4.60    2604     38
1159     3.5      5054  556.8 -1.5  74.3  -5.4 234  14.1 272.5 25.033205 121.555068  4.57    2617     38
1160     4.1      5058  556.6 -1.5  74.2  -5.5 234  14.1 272.4 25.033272 121.555185  4.56    2630     38
1161     3.2      5062  556.3 -1.5  74.1  -5.5 234  14.1 272.4 25.033338 121.555303  4.55    2644     38
1162     3.4      5065  556.1 -1.5  74.0  -5.6 233  14.1 272.4 25.033407 121.555419  4.53    2657     38
1163     3.5      5069  555.8 -1.6  74.1  -5.6 233  14.1 272.3 25.033478 121.555526  4.53    2670     38
1164     3.9      5072  555.6 -1.6  74.4  -5.6 233  14.1 272.3 25.033551 121.555626  4.53    2682     38
1165     4.1      5077  555.3 -1.7  74.6  -5.6 233  14.1 272.2 25.033628 121.555724  4.54    2695     38
1166     2.9      5079  555.0 -1.7  74.8  -5.6 233  14.0 272.2 25.033707 121.555824  4.54    2708     39
1167     4.4      5084  554.8 -1.7  74.8  -5.6 233  14.0 272.2 25.033788 121.555926  4.53    2722     39
1168     4.6      5088  554.5 -1.8  74.7  -5.6 233  14.0 272.1 25.033869 121.556026  4.52    2735     39
1169     3.3      5092  554.2 -1.8  74.7  -5.7 233  14.0 272.1 25.033950 121.556123  4.50    2748     39
1170     3.3      5095  554.0 -1.8  74.6  -5.7 233  14.0 272.1 25.034029 121.556221  4.49    2761     39
1171     4.6      5100  553.7 -1.9  74.6  -5.8 233  14.0 272.0 25.034110 121.556325  4.48    2775     39
1172     3.5      5103  553.4 -1.9  74.7  -5.8 233  14.0 272.0 25.034191 121.556440  4.48    2789     39
1173     3.4      5107  553.2 -1.9  74.9  -5.8 233  14.0 272.0 25.034273 121.556558  4.48    2804     39
1174     3.2      5110  552.9 -2.0  75.0  -5.8 233  14.0 271.9 25.034356 121.556672  4.47    2818     39
1175     4.8      5115  552.7 -2.0  74.9  -5.8 233  14.0 271.9 25.034438 121.556781  4.46    2832     39
1176     3.8      5118  552.4 -2.0  74.9  -5.9 233  14.0 271.9 25.034518 121.556888  4.45    2846     39
1177     3.0      5121  552.2 -2.1  75.1  -5.9 233  14.0 271.8 25.034594 121.556995  4.45    2859     39
1178     3.7      5125  551.9 -2.1  75.7  -5.8 233  14.0 271.8 25.034668 121.557102  4.48    2872     39
1179     3.9      5129  551.6 -2.1  75.9  -5.8 232  14.0 271.7 25.034742 121.557208  4.48    2885     39
1180     4.0      5133  551.4 -2.2  75.6  -5.9 232  14.0 271.7 25.034819 121.557314  4.45    2899     39
1181     3.6      5137  551.1 -2.2  75.2  -6.0 232  14.0 271.7 25.034900 121.557419  4.42    2912     39
1182     2.7      5139  550.9 -2.2  75.0  -6.1 232  13.9 271.6 25.034980 121.557524  4.40    2926     39
1183     4.4      5144  550.6 -2.3  75.1  -6.1 232  13.9 271.6 25.035054 121.557633  4.40    2939     39
1184     4.6      5148  550.3 -2.3  75.4  -6.1 232  13.9 271.6 25.035125 121.557747  4.41    2953     40
1185     3.3      5152  550.1 -2.3  75.7  -6.0 232  13.9 271.6 25.035195 121.557862  4.42    2966     40
1186     3.5      5155  549.8 -2.4  75.9  -6.0 232  13.9 271.5 25.035270 121.557978  4.42    2980     40
1187     4.2      5159  549.6 -2.4  76.1  -6.0 232  13.9 271.5 25.035351 121.558090  4.42    2994     40
1188     3.4      5163  549.3 -2.4  76.2  -6.0 232  13.9 271.5 25.035432 121.558198  4.42    3008     40
1189     4.1      5167  549.0 -2.4  76.4  -6.0 232  13.9 271.4 25.035511 121.558303  4.43    3022     40
1190     3.7      5170  548.8 -2.5  76.5  -6.0 232  13.9 271.4 25.035590 121.558408  4.42    3035     40
1191     4.7      5175  548.5 -2.5  76.5  -6.1 232  13.9 271.4 25.035669 121.558516  4.42    3049     40
1192     3.6      5179  548.3 -2.5  76.4  -6.1 232  13.9 271.4 25.035743 121.558620  4.41    3062     40
1193     3.9      5183  548.0 -2.5  76.3  -6.1 232  13.9 271.3 25.035821 121.558726  4.40    3075     40
1194     2.8      5185  547.8 -2.5  76.1  -6.2 232  13.9 271.3 25.035901 121.558831  4.38    3089     40
1195     3.4      5189  547.5 -2.6  75.8  -6.2 232  13.9 271.3 25.035981 121.558937  4.37    3103     40
1196     3.1      5192  547.3 -2.6  75.5  -6.3 232  13.8 271.3 25.036062 121.559044  4.35    3117     40
1197     3.3      5195  547.1 -2.6  75.1  -6.4 232  13.8 271.3 25.036144 121.559150  4.32    3130     40
1198     3.2      5198  546.8 -2.6  74.4  -6.5 232  13.8 271.2 25.036224 121.559257  4.27    3144     40
1199     3.7      5202  546.6 -2.6  73.4  -6.7 232  13.8 271.2 25.036305 121.559363  4.21    3158     40
1200     3.3      5205  546.3 -2.6  71.9  -7.0 232  13.8 271.2 25.036371 121.559474  4.12    3171     40
1201     3.5      5209  546.1 -2.7  70.4  -7.3 232  13.8 271.1 25.036434 121.559584  4.03    3183     40
1202     4.1      5213  545.8 -2.7  68.7  -7.6 233  13.8 271.1 25.036498 121.559695  3.92    3196     41
1203     4.5      5218  545.5 -2.7  67.4  -7.9 233  13.7 271.1 25.036562 121.559806  3.84    3209     41
1204     4.3      5222  545.3 -2.7  67.1  -8.0 233  13.7 271.0 25.036626 121.559916  3.82    3221     41
1205     3.6      5226  545.0 -2.8  67.5  -8.0 233  13.7 271.0 25.036689 121.560027  3.84    3234     41
1206     3.2      5229  544.7 -2.8  67.9  -7.9 233  13.7 271.0 25.036753 121.560137  3.85    3247     41
1207     4.4      5233  544.5 -2.8  67.7  -8.0 233  13.6 270.9 25.036816 121.560248  3.83    3259     41
1208     3.5      5237  544.2 -2.9  66.9  -8.2 233  13.6 270.9 25.036880 121.560358  3.78    3272     41
1209     4.1      5241  544.0 -2.9  66.1  -8.3 233  13.6 270.9 25.036944 121.560468  3.73    3284     41
1210     3.3      5244  543.7 -2.9  65.2  -8.5 233  13.6 270.8 25.037007 121.560579  3.67    3297     41
1211     3.8      5248  543.5 -2.9  64.2  -8.8 233  13.6 270.8 25.037071 121.560689  3.61    3310     41
1212     3.8      5251  543.2 -3.0  62.8  -9.1 233  13.5 270.8 25.037134 121.560799  3.53    3322     41
1213     3.5      5255  543.0 -3.0  61.0  -9.4 234  13.5 270.7 25.037197 121.560909  3.43    3335     41
1214     3.1      5258  542.7 -3.0  59.4  -9.8 234  13.5 270.7 25.037260 121.561018  3.33    3347     41
1215     3.7      5262  542.5 -3.0  57.4 -10.2 234  13.5 270.7 25.037324 121.561128  3.22    3360     41
1216     4.5      5266  542.2 -3.0  54.3 -10.9 234  13.5 270.6 25.037387 121.561238  3.05    3373     41
1217     4.1      5270  541.9 -3.0  51.5 -11.6 234  13.4 270.6 25.037450 121.561347  2.89    3385     42
1218     3.5      5274  541.7 -3.0  50.2 -11.9 234  13.4 270.6 25.037513 121.561456  2.81    3398     42
1219     3.3      5277  541.4 -3.0  49.5 -12.1 234  13.4 270.6 25.037575 121.561565  2.78    3410     42
1220     4.2      5281  541.2 -3.0  48.7 -12.3 234  13.4 270.6 25.037638 121.561674  2.73    3423     42
1221     3.8      5285  540.9 -3.1  47.7 -12.6 234  13.4 270.5 25.037701 121.561783  2.67    3435     42
1222     3.4      5289  540.7 -3.1  46.6 -12.9 234  13.3 270.5 25.037763 121.561891  2.60    3448     42
1223     3.7      5292  540.4 -3.1  45.6 -13.2 235  13.3 270.5 25.037826 121.561999  2.55    3460     42
1224     3.5      5296  540.2 -3.1  44.7 -13.4 235  13.3 270.5 25.037888 121.562107  2.50    3473     42
1225     4.1      5300  539.9 -3.1  44.0 -13.6 235  13.3 270.4 25.037950 121.562215  2.46    3485     42
1226     3.7      5304  539.6 -3.1  43.7 -13.8 235  13.3 270.4 25.038012 121.562323  2.44    3497     42
1227     3.6      5307  539.4 -3.2  43.8 -13.7 235  13.2 270.4 25.038074 121.562430  2.44    3510     42
1228     3.8      5311  539.1 -3.2  43.8 -13.8 235  13.2 270.4 25.038136 121.562538  2.43    3522     42
1229     3.9      5315  538.9 -3.2  43.2 -14.0 235  13.2 270.3 25.038197 121.562644  2.40    3534     42
1230     3.0      5318  538.7 -3.2  42.5 -14.2 235  13.2 270.3 25.038259 121.562751  2.36    3547     42
1231     3.7      5322  538.4 -3.2  42.1 -14.3 235  13.2 270.3 25.038320 121.562857  2.33    3559     42
1232     4.0      5326  538.2 -3.3  41.7 -14.5 235  13.2 270.3 25.038381 121.562964  2.31    3571     42
1233     3.0      5329  537.9 -3.3  41.4 -14.6 235  13.1 270.2 25.038442 121.563069  2.29    3583     42
1234     3.1      5332  537.7 -3.3  41.0 -14.7 236  13.1 270.2 25.038503 121.563175  2.26    3596     42
1235     3.2      5335  537.5 -3.4  40.2 -15.0 236  13.1 270.2 25.038563 121.563280  2.21    3608     43
1236     4.2      5339  537.2 -3.4  39.4 -15.2 236  13.1 270.1 25.038624 121.563385  2.17    3620     43
1237     3.8      5343  537.0 -3.4  38.9 -15.4 236  13.1 270.1 25.038684 121.563489  2.13    3632     43
1238     3.6      5347  536.7 -3.4  38.8 -15.5 236  13.1 270.1 25.038744 121.563594  2.13    3644     43
1239     3.9      5350  536.5 -3.4  39.0 -15.4 236  13.0 270.1 25.038804 121.563698  2.14    3656     43
1240     3.8      5354  536.2 -3.4  38.6 -15.5 236  13.0 270.1 25.038864 121.563801  2.12    3668     43
1241     3.2      5357  536.0 -3.4  37.7 -15.8 236  13.0 270.0 25.038923 121.563904  2.07    3680     43
1242     3.6      5361  535.7 -3.5  37.0 -16.1 236  13.0 270.0 25.038982 121.564007  2.03    3692     43
1243     3.0      5364  535.5 -3.5  36.8 -16.2 236  13.0 270.0 25.039041 121.564110  2.01    3703     43
1244     4.3      5368  535.2 -3.5  36.6 -16.3 236  13.0 270.0 25.039100 121.564212  2.00    3715     43
1245     3.7      5372  535.0 -3.5  36.2 -16.4 236  13.0 269.9 25.039159 121.564313  1.97    3727     43
1246     3.9      5376  534.7 -3.6  35.7 -16.6 237  12.9 269.9 25.039217 121.564415  1.94    3739     43
1247     3.2      5379  534.5 -3.6  35.1 -16.8 237  12.9 269.9 25.039275 121.564515  1.90    3750     43
1248     4.0      5383  534.2 -3.6  34.4 -17.1 237  12.9 269.8 25.039333 121.564616  1.87    3762     43
1249     4.5      5388  534.0 -3.6  33.8 -17.3 237  12.9 269.8 25.039391 121.564716  1.83    3774     43
1250     3.8      5392  533.7 -3.7  33.1 -17.6 237  12.9 269.8 25.039448 121.564815  1.79    3785     43
1251     3.4      5395  533.5 -3.7  32.2 -17.9 237  12.9 269.7 25.039505 121.564915  1.74    3797     43
1252     3.6      5399  533.2 -3.7  31.1 -18.4 237  12.9 269.7 25.039562 121.565013  1.68    3808     43
1253     3.0      5402  533.0 -3.7  30.2 -18.7 237  12.9 269.7 25.039618 121.565111  1.63    3819     43
1254     3.9      5405  532.7 -3.8  29.9 -18.9 237  12.8 269.7 25.039675 121.565209  1.61    3831     43
1255     3.2      5409  532.5 -3.8  29.8 -18.9 237  12.8 269.6 25.039731 121.565306  1.60    3842     43
1256     3.5      5412  532.2 -3.8  29.8 -19.0 237  12.8 269.6 25.039786 121.565403  1.60    3853     44
1257     4.5      5417  532.0 -3.8  29.6 -19.1 237  12.8 269.6 25.039842 121.565499  1.58    3864     44
1258     4.1      5421  531.7 -3.9  29.4 -19.2 237  12.8 269.6 25.039897 121.565595  1.57    3875     44
1259     3.6      5424  531.5 -3.9  29.3 -19.2 237  12.8 269.5 25.039952 121.565690  1.56    3886     44
1260     3.1      5427  531.2 -3.9  29.3 -19.2 237  12.8 269.5 25.040006 121.565785  1.56    3897     44
1261     4.2      5432  531.0 -3.9  29.5 -19.2 238  12.8 269.5 25.040061 121.565879  1.57    3908     44
1262     3.2      5435  530.7 -4.0  29.8 -19.1 238  12.8 269.5 25.040115 121.565973  1.58    3919     44
1263     4.0      5439  530.5 -4.0  29.7 -19.1 238  12.8 269.4 25.040168 121.566066  1.58    3930     44
1264     3.6      5442  530.2 -4.0  29.4 -19.3 238  12.7 269.4 25.040222 121.566159  1.56    3941     44
1265     4.4      5447  530.0 -4.0  29.1 -19.4 238  12.7 269.4 25.040275 121.566251  1.54    3951     44
1266     4.2      5451  529.7 -4.1  29.2 -19.4 238  12.7 269.3 25.040327 121.566342  1.54    3962     44
1267     3.8      5455  529.4 -4.1  29.6 -19.3 238  12.7 269.3 25.040380 121.566433  1.56    3973     44
1268     2.8      5457  529.2 -4.1  29.6 -19.3 238  12.7 269.3 25.040431 121.566523  1.56    3983     44
1269     4.4      5462  528.9 -4.1  29.1 -19.5 238  12.7 269.3 25.040483 121.566613  1.53    3994     44
1270     3.8      5466  528.7 -4.2  28.4 -19.8 238  12.7 269.2 25.040537 121.566704  1.49    4004     44
1271     3.5      5469  528.5 -4.2  28.2 -19.9 238  12.7 269.2 25.040593 121.566797  1.48    4015     44
1272     3.3      5473  528.2 -4.2  28.3 -19.9 238  12.7 269.2 25.040653 121.566894  1.48    4027     44
1273     3.1      5476  528.0 -4.2  28.4 -19.9 238  12.7 269.2 25.040716 121.566995  1.49    4039     44
1274     4.1      5480  527.7 -4.2  28.2 -20.0 238  12.7 269.2 25.040782 121.567100  1.48    4052     44
1275     3.6      5483  527.5 -4.3  28.2 -20.0 238  12.7 269.1 25.040844 121.567209  1.48    4064     44
1276     3.7      5487  527.2 -4.3  28.3 -20.0 238  12.7 269.1 25.040887 121.567320  1.48    4075     44
1277     3.5      5490  527.0 -4.3  28.4 -19.9 238  12.7 269.1 25.040925 121.567429  1.48    4086     44
1278     4.2      5495  526.7 -4.3  28.5 -19.9 238  12.7 269.1 25.040977 121.567534  1.49    4098     44
1279     3.9      5499  526.5 -4.4  28.8 -19.9 238  12.7 269.0 25.041039 121.567638  1.50    4110     44
1280     3.7      5502  526.2 -4.4  29.0 -19.8 238  12.7 269.0 25.041096 121.567741  1.51    4122     45
1281     3.9      5506  526.0 -4.4  29.3 -19.7 239  12.7 269.0 25.041155 121.567848  1.52    4134     45
1282     4.1      5510  525.7 -4.4  29.4 -19.6 239  12.7 269.0 25.041212 121.567958  1.52    4146     45
1283     3.8      5514  525.5 -4.4  29.3 -19.7 239  12.7 269.0 25.041268 121.568071  1.52    4159     45
1284     3.1      5517  525.2 -4.5  29.0 -19.8 239  12.7 268.9 25.041324 121.568185  1.50    4171     45
1285     4.2      5521  525.0 -4.5  28.8 -19.9 239  12.7 268.9 25.041380 121.568300  1.49    4184     45
1286     3.6      5525  524.7 -4.5  28.9 -20.0 239  12.7 268.9 25.041448 121.568418  1.49    4198     45
1287     3.3      5528  524.5 -4.5  29.1 -19.9 239  12.7 268.9 25.041517 121.568535  1.50    4211     45
1288     4.4      5533  524.2 -4.6  30.1 -19.5 239  12.7 268.8 25.041586 121.568653  1.55    4225     45
1289     3.6      5536  524.0 -4.6  31.9 -18.8 239  12.8 268.8 25.041655 121.568770  1.64    4239     45
1290     4.0      5540  523.7 -4.6  32.9 -18.5 239  12.8 268.8 25.041724 121.568888  1.69    4253     45
1291     4.0      5544  523.5 -4.6  32.6 -18.6 239  12.8 268.8 25.041793 121.569005  1.68    4267     45
1292     3.2      5547  523.2 -4.6  31.9 -18.8 239  12.8 268.8 25.041862 121.569123  1.64    4280     45
1293     3.4      5551  523.0 -4.6  31.4 -19.0 239  12.9 268.8 25.041931 121.569240  1.62    4294     45
1294     3.9      5555  522.7 -4.6  31.1 -19.1 239  12.9 268.8 25.042000 121.569358  1.60    4308     45
1295     3.5      5558  522.5 -4.6  30.7 -19.3 239  12.9 268.8 25.042069 121.569476  1.58    4322     45
1296     3.1      5561  522.2 -4.6  29.8 -19.6 239  12.9 268.8 25.042139 121.569593  1.54    4336     45
1297     4.5      5566  522.0 -4.5  28.9 -20.0 239  13.0 268.9 25.042208 121.569711  1.49    4350     45
1298     3.8      5570  521.8 -4.5  28.3 -20.2 239  13.0 268.9 25.042277 121.569828  1.47    4363     45
1299     4.3      5574  521.5 -4.5  27.9 -20.3 239  13.0 268.9 25.042346 121.569946  1.45    4377     45
1300     2.9      5577  521.3 -4.5  27.6 -20.4 239  13.1 268.9 25.042415 121.570063  1.44    4391     45
1301     3.2      5580  521.0 -4.5  27.3 -20.5 239  13.1 268.9 25.042484 121.570181  1.42    4405     45
1302     3.6      5584  520.8 -4.5  27.0 -20.7 239  13.1 268.9 25.042553 121.570299  1.41    4419     45
1303     3.9      5587  520.6 -4.5  26.5 -20.9 239  13.1 268.9 25.042622 121.570416  1.38    4433     45
1304     3.2      5591  520.3 -4.4  25.9 -21.1 239  13.2 268.9 25.042691 121.570534  1.35    4446     46
1305     4.0      5595  520.1 -4.4  25.2 -21.4 239  13.2 269.0 25.042760 121.570652  1.32    4460     46
1306     3.4      5598  519.8 -4.3  24.3 -21.8 239  13.2 269.0 25.042829 121.570769  1.28    4474     46
1307     4.2      5602  519.6 -4.3  23.2 -22.3 239  13.2 269.1 25.042898 121.570887  1.23    4488     46
1308     3.9      5606  519.3 -4.2  22.0 -22.8 239  13.3 269.1 25.042967 121.571005  1.17    4502     46
1309     4.4      5611  519.1 -4.1  21.0 -23.2 239  13.3 269.2 25.043036 121.571123  1.13    4516     46
1310     3.6      5614  518.8 -4.1  20.7 -23.4 239  13.3 269.2 25.043104 121.571241  1.11    4530     46
1311     3.3      5618  518.6 -4.1  20.8 -23.3 239  13.4 269.2 25.043173 121.571358  1.12    4543     46
1312     4.8      5622  518.3 -4.1  20.9 -23.3 239  13.4 269.2 25.043242 121.571476  1.13    4557     46
1313     2.5      5625  518.1 -4.1  21.1 -23.2 239  13.4 269.2 25.043311 121.571594  1.13    4571     46
1314     4.2      5629  517.8 -4.1  21.3 -23.1 239  13.4 269.2 25.043380 121.571712  1.15    4585     46
1315     3.5      5633  517.6 -4.1  21.5 -23.0 239  13.5 269.2 25.043449 121.571830  1.16    4599     46
1316     4.3      5637  517.3 -4.2  21.6 -23.0 239  13.5 269.2 25.043518 121.571948  1.16    4613     46
1317     2.9      5640  517.1 -4.2  21.6 -23.0 239  13.5 269.1 25.043586 121.572066  1.16    4627     46
1318     4.0      5644  516.9 -4.2  21.7 -23.0 240  13.5 269.1 25.043655 121.572184  1.16    4641     46
1319     3.7      5647  516.6 -4.3  21.8 -23.0 240  13.6 269.1 25.043724 121.572303  1.16    4654     46
1320     4.4      5652  516.4 -4.3  21.9 -22.9 240  13.6 269.1 25.043793 121.572421  1.17    4668     46
1321     2.4      5654  516.2 -4.3  22.1 -22.8 240  13.6 269.0 25.043861 121.572539  1.18    4682     46
1322     2.9      5657  515.9 -4.4  22.2 -22.8 240  13.6 269.0 25.043930 121.572657  1.18    4696     46
1323     3.9      5661  515.7 -4.4  22.4 -22.8 240  13.7 269.0 25.043999 121.572776  1.18    4710     46
1324     4.0      5665  515.5 -4.4  22.5 -22.7 240  13.7 268.9 25.044067 121.572894  1.19    4724     46
1325     3.2      5668  515.2 -4.4  22.8 -22.6 240  13.7 268.9 25.044136 121.573012  1.20    4738     46
1326     4.1      5672  515.0 -4.5  23.3 -22.3 240  13.7 268.9 25.044205 121.573131  1.23    4752     46
1327     3.5      5676  514.8 -4.5  24.4 -21.8 240  13.8 268.9 25.044273 121.573249  1.29    4766     46
1328     3.6      5679  514.5 -4.5  26.9 -20.7 240  13.8 268.9 25.044342 121.573368  1.42    4780     46
1329     3.9      5683  514.3 -4.4  30.8 -19.1 240  13.8 269.0 25.044410 121.573486  1.63    4794     46
1330     3.4      5687  514.1 -4.4  34.8 -17.7 240  13.9 269.1 25.044479 121.573605  1.85    4807     46
1331     3.5      5690  513.8 -4.4  36.8 -17.0 240  13.9 269.1 25.044547 121.573724  1.96    4821     46
1332     3.1      5693  513.6 -4.4  37.7 -16.6 240  13.9 269.1 25.044616 121.573842  2.01    4835     46
1333     3.4      5697  513.4 -4.4  39.6 -16.1 240  13.9 269.1 25.044684 121.573961  2.12    4849     47
1334     3.8      5701  513.1 -4.3  42.9 -15.1 240  14.0 269.2 25.044753 121.574080  2.29    4863     47
1335     3.6      5704  512.9 -4.3  46.4 -14.1 240  14.0 269.2 25.044821 121.574199  2.49    4877     47
1336     4.0      5708  512.7 -4.3  45.1 -14.4 240  14.0 269.3 25.044889 121.574318  2.43    4891     47
1337     3.2      5711  512.4 -4.2  39.0 -16.1 240  14.0 269.3 25.044958 121.574437  2.11    4905     47
1338     3.6      5715  512.2 -4.2  33.4 -18.0 240  14.1 269.3 25.045026 121.574556  1.81    4919     47
1339     3.5      5718  512.0 -4.2  30.1 -19.1 240  14.1 269.3 25.045094 121.574675  1.64    4933     47
1340     3.8      5722  511.8 -4.1  27.8 -20.0 240  14.1 269.3 25.045162 121.574795  1.51    4947     47
1341     2.7      5725  511.5 -4.1  25.4 -21.1 240  14.1 269.3 25.045231 121.574914  1.39    4961     47
1342     3.6      5728  511.3 -4.1  23.4 -22.0 240  14.2 269.3 25.045299 121.575033  1.28    4975     47
1343     4.2      5733  511.1 -4.1  22.6 -22.4 240  14.2 269.3 25.045367 121.575153  1.24    4989     47
1344     3.4      5736  510.9 -4.1  23.3 -22.0 240  14.2 269.3 25.045435 121.575272  1.28    5003     47
1345     2.7      5739  510.6 -4.1  24.6 -21.4 240  14.2 269.3 25.045503 121.575392  1.35    5017     47
1346     3.4      5742  510.4 -4.1  25.6 -21.0 240  14.3 269.3 25.045571 121.575511  1.40    5031     47
1347     4.0      5746  510.2 -4.1  25.7 -20.9 240  14.3 269.3 25.045639 121.575631  1.41    5045     47
1348     3.0      5749  510.0 -4.1  25.9 -20.8 240  14.3 269.3 25.045707 121.575751  1.42    5059     47
1349     3.3      5752  509.7 -4.1  26.5 -20.6 240  14.3 269.3 25.045775 121.575871  1.45    5073     47
1350     3.8      5756  509.5 -4.1  27.2 -20.3 240  14.4 269.3 25.045843 121.575990  1.49    5087     47
1351     4.4      5761  509.3 -4.1  27.7 -20.1 240  14.4 269.3 25.045911 121.576110  1.52    5101     47
1352     3.9      5765  509.0 -4.2  28.2 -19.9 240  14.4 269.2 25.045978 121.576231  1.54    5115     47
1353     3.6      5768  508.8 -4.2  28.6 -19.7 241  14.4 269.2 25.046046 121.576351  1.56    5129     47
1354     4.0      5772  508.5 -4.2  29.1 -19.6 241  14.4 269.2 25.046114 121.576471  1.58    5143     47
1355     3.2      5775  508.3 -4.2  29.4 -19.5 241  14.5 269.2 25.046181 121.576591  1.60    5157     47
1356     2.7      5778  508.1 -4.2  29.6 -19.4 241  14.5 269.2 25.046249 121.576712  1.61    5171     47
1357     3.4      5781  507.8 -4.3  29.4 -19.5 241  14.5 269.1 25.046317 121.576832  1.60    5185     47
1358     4.5      5786  507.6 -4.3  29.0 -19.7 241  14.5 269.1 25.046384 121.576953  1.57    5199     47
1359     4.4      5790  507.4 -4.3  28.6 -19.9 241  14.6 269.1 25.046452 121.577073  1.55    5213     47
1360     3.6      5794  507.1 -4.4  28.3 -20.0 241  14.6 269.0 25.046519 121.577194  1.53    5227     47
1361     3.5      5797  506.9 -4.4  28.2 -20.1 241  14.6 269.0 25.046586 121.577315  1.52    5241     47
1362     2.7      5800  506.7 -4.4  28.1 -20.2 241  14.6 269.0 25.046654 121.577436  1.51    5255     47
1363     3.5      5804  506.4 -4.4  28.0 -20.2 241  14.7 268.9 25.046721 121.577557  1.50    5269     47
1364     4.4      5808  506.2 -4.5  27.9 -20.3 241  14.7 268.9 25.046788 121.577678  1.49    5283     47
1365     3.2      5811  506.0 -4.5  27.7 -20.4 241  14.7 268.9 25.046856 121.577799  1.48    5297     48
1366     3.9      5815  505.7 -4.5  27.4 -20.5 241  14.7 268.9 25.046923 121.577920  1.47    5311     48
1367     3.5      5819  505.5 -4.6  27.0 -20.8 241  14.8 268.8 25.046990 121.578042  1.44    5325     48
1368     3.7      5822  505.3 -4.6  26.4 -21.0 241  14.8 268.8 25.047057 121.578163  1.40    5339     48
1369     3.3      5826  505.0 -4.6  25.7 -21.3 241  14.8 268.8 25.047124 121.578285  1.37    5353     48
1370     4.1      5830  504.8 -4.6  25.2 -21.6 241  14.8 268.7 25.047191 121.578407  1.34    5368     48
1371     3.5      5833  504.5 -4.7  24.8 -21.8 241  14.8 268.7 25.047258 121.578528  1.32    5382     48
1372     4.4      5838  504.3 -4.7  24.7 -21.9 241  14.9 268.7 25.047325 121.578650  1.31    5396     48
1373     4.4      5842  504.0 -4.7  24.7 -21.9 241  14.9 268.7 25.047392 121.578772  1.31    5410     48
1374     3.6      5846  503.8 -4.7  24.8 -21.9 241  14.9 268.6 25.047458 121.578894  1.31    5424     48
1375     4.2      5850  503.5 -4.8  24.8 -21.9 241  14.9 268.6 25.047525 121.579016  1.31    5438     48
1376     3.8      5854  503.3 -4.8  24.9 -21.9 241  14.9 268.6 25.047592 121.579139  1.31    5452     48
1377     3.2      5857  503.1 -4.8  24.9 -21.9 241  15.0 268.5 25.047658 121.579261  1.31    5466     48
1378     3.0      5860  502.8 -4.9  25.0 -21.9 241  15.0 268.5 25.047725 121.579384  1.31    5480     48
1379     3.7      5864  502.6 -4.9  25.0 -21.9 241  15.0 268.5 25.047791 121.579506  1.31    5495     48
1380     3.2      5867  502.4 -4.9  25.1 -21.9 241  15.0 268.4 25.047858 121.579629  1.31    5509     48
1381     3.9      5871  502.2 -5.0  25.1 -21.9 242  15.1 268.4 25.047924 121.579752  1.31    5523     48
1382     3.8      5875  501.9 -5.0  25.2 -21.9 242  15.1 268.4 25.047991 121.579875  1.31    5537     48
1383     3.4      5878  501.7 -5.0  25.2 -22.0 242  15.1 268.3 25.048057 121.579998  1.31    5551     48
1384     4.3      5882  501.4 -5.1  25.3 -21.9 242  15.1 268.3 25.048123 121.580121  1.31    5565     48
1385     3.5      5886  501.2 -5.1  25.4 -21.9 242  15.1 268.2 25.048189 121.580244  1.31    5580     48
1386     3.8      5890  500.9 -5.2  25.5 -21.9 242  15.2 268.2 25.048255 121.580368  1.31    5594     48
1387     4.5      5894  500.7 -5.2  25.5 -21.9 242  15.2 268.2 25.048321 121.580491  1.31    5608     48
1388     3.8      5898  500.4 -5.2  25.6 -22.0 242  15.2 268.1 25.048387 121.580615  1.31    5622     48
1389     3.3      5901  500.2 -5.3  25.6 -22.0 242  15.2 268.1 25.048453 121.580739  1.31    5636     48
1390     4.5      5906  499.9 -5.3  25.6 -22.0 242  15.2 268.0 25.048519 121.580862  1.30    5651     48
1391     4.2      5910  499.7 -5.4  25.6 -22.0 242  15.3 268.0 25.048585 121.580987  1.30    5665     48
1392     4.2      5914  499.4 -5.4  25.7 -22.1 242  15.3 268.0 25.048651 121.581111  1.30    5679     48
1393     3.2      5917  499.2 -5.4  25.6 -22.1 242  15.3 267.9 25.048716 121.581235  1.30    5693     48
1394     4.1      5921  498.9 -5.5  25.6 -22.1 242  15.3 267.9 25.048782 121.581359  1.29    5707     48
1395     3.9      5925  498.7 -5.5  25.6 -22.2 242  15.3 267.9 25.048847 121.581484  1.29    5722     48
1396     3.5      5929  498.4 -5.5  25.7 -22.2 242  15.4 267.8 25.048913 121.581608  1.29    5736     48
1397     4.2      5933  498.2 -5.6  25.8 -22.2 242  15.4 267.8 25.048978 121.581733  1.29    5750     48
1398     4.7      5938  497.9 -5.6  25.8 -22.2 242  15.4 267.8 25.049044 121.581858  1.29    5764     48
1399     4.6      5942  497.6 -5.6  25.8 -22.2 242  15.4 267.7 25.049109 121.581983  1.29    5779     49
1400     4.3      5947  497.4 -5.7  25.7 -22.3 242  15.4 267.7 25.049174 121.582108  1.28    5793     49
1401     3.6      5950  497.1 -5.7  25.7 -22.3 242  15.4 267.7 25.049239 121.582234  1.28    5807     49
1402     4.0      5954  496.9 -5.7  25.7 -22.3 242  15.5 267.6 25.049304 121.582359  1.28    5821     49
1403     4.1      5958  496.6 -5.8  25.7 -22.4 243  15.5 267.6 25.049369 121.582485  1.28    5836     49
1404     3.7      5962  496.4 -5.8  25.7 -22.4 243  15.5 267.6 25.049434 121.582610  1.27    5850     49
1405     3.8      5966  496.1 -5.8  25.7 -22.4 243  15.5 267.5 25.049499 121.582736  1.27    5864     49
1406     4.1      5970  495.9 -5.9  25.8 -22.4 243  15.5 267.5 25.049564 121.582862  1.27    5879     49
1407     3.7      5974  495.6 -5.9  25.9 -22.4 243  15.6 267.5 25.049629 121.582989  1.27    5893     49
1408     4.6      5978  495.4 -5.9  25.9 -22.4 243  15.6 267.4 25.049693 121.583115  1.27    5907     49
1409     3.2      5981  495.1 -6.0  25.9 -22.4 243  15.6 267.4 25.049758 121.583241  1.27    5922     49
1410     3.8      5985  494.9 -6.0  26.0 -22.5 243  15.6 267.3 25.049822 121.583368  1.27    5936     49
1411     4.3      5989  494.7 -6.1  26.1 -22.5 243  15.6 267.3 25.049887 121.583495  1.27    5950     49
1412     3.5      5993  494.4 -6.1  26.1 -22.5 243  15.6 267.3 25.049951 121.583621  1.27    5965     49
1413     3.6      5997  494.2 -6.1  26.1 -22.5 243  15.7 267.2 25.050015 121.583748  1.27    5979     49
1414     3.1      6000  494.0 -6.2  26.1 -22.5 243  15.7 267.2 25.050080 121.583876  1.26    5993     49
1415     4.1      6004  493.7 -6.2  26.1 -22.6 243  15.7 267.2 25.050144 121.584003  1.26    6008     49
1416     2.9      6007  493.5 -6.2  26.1 -22.6 243  15.7 267.1 25.050208 121.584130  1.26    6022     49
1417     3.9      6011  493.3 -6.2  26.1 -22.6 243  15.7 267.1 25.050272 121.584258  1.26    6036     49
1418     3.9      6014  493.0 -6.3  26.1 -22.6 243  15.7 267.1 25.050335 121.584386  1.26    6051     49
1419     4.3      6019  492.8 -6.3  26.2 -22.6 243  15.7 267.1 25.050399 121.584514  1.26    6065     49
1420     3.5      6022  492.6 -6.3  26.3 -22.6 243  15.8 267.0 25.050463 121.584642  1.26    6080     49
1421     4.0      6026  492.3 -6.4  26.4 -22.6 243  15.8 267.0 25.050527 121.584770  1.26    6094     49
1422     3.5      6030  492.1 -6.4  26.4 -22.6 244  15.8 267.0 25.050590 121.584899  1.26    6109     49
1423     2.9      6033  491.9 -6.4  26.5 -22.6 244  15.8 266.9 25.050654 121.585027  1.26    6123     49
1424     3.6      6036  491.7 -6.5  26.5 -22.6 244  15.8 266.9 25.050717 121.585156  1.26    6137     49
1425     2.6      6039  491.5 -6.5  26.6 -22.6 244  15.8 266.9 25.050780 121.585285  1.26    6152     49
1426     3.3      6042  491.2 -6.5  26.7 -22.6 244  15.9 266.8 25.050844 121.585414  1.26    6166     49
1427     4.4      6046  491.0 -6.6  26.7 -22.6 244  15.9 266.8 25.050907 121.585543  1.26    6181     49
1428     3.7      6050  490.8 -6.6  26.8 -22.6 244  15.9 266.8 25.050970 121.585673  1.26    6195     49
1429     3.9      6054  490.6 -6.6  26.8 -22.6 244  15.9 266.7 25.051033 121.585802  1.26    6210     49
1430     3.5      6058  490.3 -6.7  26.9 -22.6 244  15.9 266.7 25.051096 121.585932  1.26    6224     49
1431     4.0      6062  490.1 -6.7  26.9 -22.7 244  15.9 266.7 25.051159 121.586062  1.26    6239     49
1432     3.8      6065  489.9 -6.7  26.9 -22.7 244  15.9 266.6 25.051221 121.586192  1.26    6253     49
1433     3.1      6069  489.6 -6.8  26.9 -22.7 244  15.9 266.6 25.051284 121.586322  1.26    6268     50
1434     4.0      6072  489.4 -6.8  27.0 -22.7 244  16.0 266.6 25.051346 121.586453  1.26    6282     50
1435     2.3      6075  489.2 -6.8  27.1 -22.7 244  16.0 266.5 25.051409 121.586583  1.26    6297     50
1436     4.1      6079  489.0 -6.9  27.2 -22.7 244  16.0 266.5 25.051471 121.586714  1.26    6311     50
1437     3.8      6083  488.8 -6.9  27.3 -22.7 244  16.0 266.5 25.051533 121.586845  1.26    6326     50
1438     3.6      6086  488.5 -6.9  27.4 -22.6 245  16.0 266.4 25.051596 121.586976  1.26    6341     50
1439     2.7      6089  488.3 -7.0  27.5 -22.7 245  16.0 266.4 25.051658 121.587107  1.26    6355     50
1440     4.3      6093  488.1 -7.0  27.5 -22.7 245  16.0 266.4 25.051720 121.587239  1.26    6370     50
1441     3.8      6097  487.9 -7.0  27.4 -22.8 245  16.0 266.3 25.051782 121.587371  1.25    6384     50
1442     3.4      6100  487.6 -7.1  27.2 -22.9 245  16.1 266.3 25.051843 121.587503  1.24    6399     50
1443     3.7      6104  487.4 -7.1  27.0 -23.0 245  16.1 266.3 25.051905 121.587635  1.23    6413     50
1444     3.9      6108  487.2 -7.1  26.9 -23.0 245  16.1 266.2 25.051967 121.587767  1.23    6428     50
1445     3.9      6112  486.9 -7.1  26.9 -23.0 245  16.1 266.2 25.052028 121.587899  1.23    6443     50
1446     3.3      6115  486.7 -7.2  26.8 -23.1 245  16.1 266.2 25.052090 121.588032  1.22    6457     50
1447     3.5      6119  486.5 -7.2  26.7 -23.2 245  16.1 266.2 25.052151 121.588165  1.21    6472     50
1448     4.1      6123  486.3 -7.2  26.7 -23.2 245  16.1 266.1 25.052212 121.588298  1.21    6487     50
1449     3.5      6126  486.0 -7.2  26.8 -23.2 245  16.1 266.1 25.052274 121.588431  1.21    6501     50
1450     3.4      6130  485.8 -7.3  26.9 -23.2 245  16.1 266.1 25.052335 121.588564  1.22    6516     50
1451     3.9      6134  485.6 -7.3  27.1 -23.1 245  16.1 266.0 25.052396 121.588698  1.22    6531     50
1452     3.1      6137  485.4 -7.3  27.4 -23.0 246  16.2 266.0 25.052456 121.588832  1.23    6545     50
1453     4.1      6141  485.1 -7.4  27.5 -23.0 246  16.2 266.0 25.052517 121.588966  1.23    6560     50
1454     4.0      6145  484.9 -7.4  27.4 -23.1 246  16.2 265.9 25.052578 121.589100  1.23    6575     50
1455     3.3      6148  484.7 -7.4  27.3 -23.1 246  16.2 265.9 25.052638 121.589234  1.22    6590     50
1456     3.2      6151  484.5 -7.5  27.3 -23.2 246  16.2 265.9 25.052699 121.589369  1.22    6604     50
1457     3.3      6155  484.3 -7.5  27.4 -23.1 246  16.2 265.9 25.052759 121.589503  1.22    6619     50
1458     3.1      6158  484.0 -7.5  27.5 -23.1 246  16.2 265.8 25.052819 121.589638  1.22    6634     50
1459     3.3      6161  483.8 -7.6  27.4 -23.2 246  16.2 265.8 25.052880 121.589774  1.22    6649     50
1460     4.6      6166  483.6 -7.6  27.2 -23.3 246  16.2 265.8 25.052940 121.589909  1.21    6663     50
1461     3.8      6170  483.4 -7.6  27.0 -23.4 246  16.2 265.7 25.053000 121.590044  1.20    6678     50
1462     2.9      6172  483.1 -7.6  27.0 -23.4 246  16.2 265.7 25.053059 121.590180  1.19    6693     50
1463     4.0      6176  482.9 -7.7  26.9 -23.5 246  16.3 265.7 25.053119 121.590316  1.19    6708     50
1464     3.5      6180  482.7 -7.7  26.9 -23.5 247  16.3 265.7 25.053179 121.590452  1.18    6723     50
1465     3.4      6183  482.5 -7.7  26.9 -23.5 247  16.3 265.6 25.053238 121.590589  1.18    6737     50
1466     3.6      6187  482.2 -7.7  27.0 -23.5 247  16.3 265.6 25.053298 121.590725  1.18    6752     51
1467     2.9      6190  482.0 -7.8  27.0 -23.5 247  16.3 265.6 25.053357 121.590862  1.19    6767     51
1468     4.3      6194  481.8 -7.8  27.1 -23.5 247  16.3 265.6 25.053416 121.590999  1.19    6782     51
1469     4.3      6198  481.6 -7.8  27.3 -23.5 247  16.3 265.5 25.053475 121.591137  1.19    6797     51
1470     4.0      6202  481.3 -7.9  27.4 -23.5 247  16.3 265.5 25.053534 121.591274  1.19    6812     51
1471     3.3      6206  481.1 -7.9  27.6 -23.4 247  16.3 265.5 25.053593 121.591412  1.20    6827     51
1472     3.8      6209  480.9 -7.9  27.9 -23.3 247  16.3 265.4 25.053652 121.591550  1.21    6841     51
1473     3.6      6213  480.6 -7.9  28.4 -23.1 247  16.3 265.4 25.053711 121.591688  1.23    6856     51
1474     3.1      6216  480.4 -8.0  29.1 -22.9 247  16.3 265.4 25.053769 121.591826  1.26    6871     51
1475     4.2      6220  480.2 -8.0  29.9 -22.6 248  16.3 265.4 25.053827 121.591965  1.29    6886     51
1476     4.0      6224  479.9 -8.0  30.7 -22.3 248  16.3 265.4 25.053886 121.592104  1.33    6901     51
1477     3.6      6228  479.7 -8.0  31.6 -22.0 248  16.3 265.3 25.053944 121.592243  1.37    6916     51
1478     4.0      6232  479.5 -8.1  32.5 -21.7 248  16.3 265.3 25.054002 121.592382  1.40    6931     51
1479     3.1      6235  479.3 -8.1  33.1 -21.5 248  16.3 265.3 25.054060 121.592521  1.43    6946     51
1480     3.6      6239  479.0 -8.1  33.6 -21.4 248  16.3 265.3 25.054118 121.592661  1.44    6961     51
1481     3.4      6242  478.8 -8.1  33.8 -21.3 248  16.4 265.2 25.054176 121.592801  1.45    6976     51
1482     4.4      6246  478.6 -8.2  34.1 -21.3 248  16.4 265.2 25.054233 121.592941  1.46    6991     51
1483     3.7      6250  478.4 -8.2  34.2 -21.2 248  16.4 265.2 25.054291 121.593082  1.46    7006     51
1484     3.3      6254  478.1 -8.2  34.1 -21.3 248  16.4 265.2 25.054348 121.593222  1.46    7021     51
1485     3.5      6257  477.9 -8.2  33.6 -21.5 248  16.4 265.2 25.054405 121.593363  1.44    7036     51
1486     4.9      6262  477.7 -8.2  32.8 -21.8 249  16.4 265.1 25.054463 121.593504  1.40    7051     51
1487     3.5      6265  477.4 -8.2  31.9 -22.1 249  16.4 265.1 25.054520 121.593646  1.36    7067     51
1488     3.6      6269  477.2 -8.2  31.0 -22.4 249  16.4 265.1 25.054576 121.593787  1.32    7082     51
1489     3.0      6272  477.0 -8.2  30.1 -22.7 249  16.4 265.1 25.054633 121.593929  1.29    7097     51
1490     4.1      6276  476.7 -8.2  29.6 -22.9 249  16.4 265.1 25.054690 121.594071  1.27    7112     51
1491     3.6      6280  476.5 -8.3  29.4 -23.0 249  16.4 265.1 25.054746 121.594213  1.26    7127     51
1492     3.9      6284  476.3 -8.3  29.4 -23.0 249  16.4 265.1 25.054803 121.594356  1.26    7142     51
1493     3.9      6288  476.1 -8.3  29.5 -23.0 249  16.4 265.0 25.054859 121.594499  1.26    7157     51
1494     3.3      6291  475.8 -8.3  29.6 -23.0 249  16.4 265.0 25.054915 121.594642  1.26    7172     51
1495     3.8      6295  475.6 -8.4  29.7 -23.0 250  16.4 265.0 25.054971 121.594785  1.26    7188     51
1496     3.5      6298  475.4 -8.4  29.8 -23.0 250  16.4 265.0 25.055027 121.594928  1.26    7203     51
1497     3.9      6302  475.2 -8.4  29.7 -23.1 250  16.4 264.9 25.055083 121.595072  1.26    7218     52
1498     4.0      6306  474.9 -8.4  29.5 -23.1 250  16.4 264.9 25.055139 121.595216  1.25    7233     52
1499     2.9      6309  474.7 -8.5  29.1 -23.3 250  16.4 264.9 25.055194 121.595360  1.23    7249     52
1500     3.8      6313  474.5 -8.5  28.7 -23.5 250  16.4 264.8 25.055250 121.595505  1.21    7264     52
1501     3.4      6316  474.3 -8.5  28.4 -23.7 250  16.4 264.8 25.055305 121.595650  1.20    7279     52
1502     3.6      6320  474.0 -8.5  28.2 -23.7 250  16.4 264.8 25.055360 121.595795  1.19    7294     52
1503     3.6      6323  473.8 -8.6  28.0 -23.8 251  16.4 264.8 25.055415 121.595940  1.18    7310     52
1504     4.5      6328  473.6 -8.6  27.8 -24.0 251  16.4 264.7 25.055470 121.596086  1.16    7325     52
1505     3.9      6332  473.4 -8.6  27.6 -24.1 251  16.4 264.7 25.055525 121.596231  1.16    7340     52
1506     3.9      6336  473.1 -8.6  27.6 -24.1 251  16.4 264.7 25.055580 121.596377  1.16    7356     52
1507     3.9      6340  472.9 -8.7  27.7 -24.0 251  16.4 264.7 25.055634 121.596524  1.16    7371     52
1508     3.7      6343  472.7 -8.7  27.8 -24.0 251  16.4 264.7 25.055688 121.596670  1.16    7386     52
1509     3.6      6347  472.5 -8.7  27.8 -24.1 251  16.4 264.6 25.055743 121.596817  1.16    7402     52
1510     2.5      6349  472.3 -8.7  27.6 -24.1 251  16.4 264.6 25.055797 121.596964  1.15    7417     52
1511     2.7      6352  472.1 -8.7  27.4 -24.2 252  16.4 264.6 25.055851 121.597112  1.14    7433     52
1512     3.7      6356  471.8 -8.8  27.3 -24.3 252  16.4 264.6 25.055905 121.597259  1.14    7448     52
1513     3.1      6359  471.6 -8.8  27.2 -24.4 252  16.4 264.6 25.055958 121.597407  1.13    7463     52
1514     4.2      6363  471.4 -8.8  27.0 -24.5 252  16.4 264.5 25.056012 121.597555  1.12    7479     52
1515     3.9      6367  471.2 -8.8  26.9 -24.5 252  16.4 264.5 25.056065 121.597704  1.11    7494     52
1516     3.7      6371  471.0 -8.8  26.9 -24.5 252  16.4 264.5 25.056119 121.597852  1.11    7510     52
1517     3.9      6375  470.7 -8.9  26.8 -24.6 252  16.4 264.5 25.056172 121.598001  1.11    7525     52
1518     3.7      6378  470.5 -8.9  26.6 -24.7 253  16.4 264.5 25.056225 121.598151  1.10    7541     52
1519     3.6      6382  470.3 -8.9  26.2 -24.9 253  16.4 264.4 25.056278 121.598300  1.08    7556     52
1520     3.6      6386  470.0 -8.9  25.8 -25.1 253  16.4 264.4 25.056330 121.598450  1.06    7572     52
1521     4.1      6390  469.8 -8.9  25.3 -25.3 253  16.4 264.4 25.056382 121.598599  1.04    7587     52
1522     4.0      6394  469.6 -8.9  24.4 -25.7 253  16.3 264.4 25.056431 121.598748  1.01    7603     52
1523     3.8      6398  469.3 -8.9  22.9 -26.4 253  16.3 264.4 25.056477 121.598901  0.94    7618     52
1524     3.7      6401  469.1 -9.0  20.8 -27.4 254  16.3 264.3 25.056518 121.599055  0.86    7633     52
1525     3.4      6405  468.9 -9.0  19.0 -28.5 254  16.3 264.3 25.056569 121.599220  0.78    7650     53
1526     4.4      6409  468.7 -9.0  17.7 -29.2 254  16.3 264.3 25.056613 121.599380  0.73    7666     53
1527     3.8      6413  468.4 -9.0  16.7 -29.9 254  16.3 264.3 25.056655 121.599539  0.69    7681     53
1528     3.8      6417  468.2 -9.0  15.8 -30.5 255  16.3 264.3 25.056697 121.599697  0.65    7697     53
9998     2.9      6420  468.0 -9.0  15.2 -30.9 255  16.3 264.2 25.056740 121.599855  0.62    7712     53

